ticker,symbol,marketcap,ipoyear,sector
A,A,21960000000.0,1999.0,Capital Goods
AA,AA,3730000000.0,2016.0,Basic Industries
AAL,AAL,12950000000.0,,Transportation
AAMC,AAMC,17880000.0,,Finance
AAN,AAN,4420000000.0,,Technology
AAOI,AAOI,217340000.0,2013.0,Technology
AAON,AAON,2370000000.0,,Capital Goods
AAP,AAP,10360000000.0,,Consumer Services
AAPL,AAPL,919340000000.0,1980.0,Technology
AAT,AAT,2840000000.0,2011.0,Consumer Services
AAWW,AAWW,798380000.0,,Transportation
ABBV,ABBV,96770000000.0,2012.0,Health Care
ABC,ABC,18310000000.0,,Health Care
ABCB,ABCB,2630000000.0,1994.0,Finance
ABG,ABG,1800000000.0,2002.0,Consumer Durables
ABM,ABM,2730000000.0,,Finance
ABMD,ABMD,8700000000.0,,Health Care
ABT,ABT,151220000000.0,,Health Care
ACAD,ACAD,4250000000.0,1985.0,Health Care
ACC,ACC,6520000000.0,2004.0,Consumer Services
ACCO,ACCO,937940000.0,,Consumer Durables
ACGL,ACGL,15970000000.0,,Finance
ACHC,ACHC,2590000000.0,,Health Care
ACHN,ACHN,668660000.0,2006.0,Health Care
ACIW,ACIW,3420000000.0,,Technology
ACLS,ACLS,501710000.0,2000.0,Technology
ACM,ACM,5420000000.0,2007.0,Consumer Services
ACN,ACN,123840000000.0,2001.0,Miscellaneous
ACOR,ACOR,142220000.0,2006.0,Health Care
ACRE,ACRE,435630000.0,2012.0,Consumer Services
ACRX,ACRX,181500000.0,2011.0,Health Care
ACTG,ACTG,146390000.0,,Miscellaneous
ADBE,ADBE,144550000000.0,1986.0,Technology
ADC,ADC,2960000000.0,,Consumer Services
ADES,ADES,230370000.0,,Basic Industries
ADI,ADI,41520000000.0,,Technology
ADM,ADM,21330000000.0,,Consumer Non-Durables
ADMS,ADMS,168500000.0,2014.0,Health Care
ADP,ADP,73970000000.0,,Technology
ADS,ADS,8130000000.000001,2001.0,Miscellaneous
ADSK,ADSK,33409999999.999996,,Technology
ADT,ADT,3970000000.0,2018.0,Consumer Services
ADTN,ADTN,535940000.00000006,1994.0,Public Utilities
ADUS,ADUS,1070000000.0,2009.0,Health Care
AE,AE,138770000.0,,Energy
AEE,AEE,18760000000.0,,Public Utilities
AEGN,AEGN,604910000.0,,Basic Industries
AEIS,AEIS,1930000000.0,1995.0,Capital Goods
AEL,AEL,2100000000.0,2003.0,Finance
AEO,AEO,2880000000.0,,Consumer Services
AEP,AEP,44200000000.0,,Public Utilities
AERI,AERI,1050000000.0,2013.0,Health Care
AES,AES,10520000000.0,,Basic Industries
AFG,AFG,9260000000.0,,Finance
AFH,AFH,4600000.0,2013.0,Finance
AFL,AFL,39150000000.0,,Finance
AGCO,AGCO,5620000000.0,,Capital Goods
AGEN,AGEN,349740000.0,2000.0,Health Care
AGIO,AGIO,2510000000.0,2013.0,Health Care
AGM,AGM,831300000.0,,Finance
AGN,AGN,52400000000.0,2013.0,Health Care
AGNC,AGNC,9410000000.0,2008.0,Consumer Services
AGO,AGO,4640000000.0,2004.0,Finance
AGTC,AGTC,70320000.0,2014.0,Health Care
AGX,AGX,615950000.0,,Basic Industries
AGYS,AGYS,649420000.0,,Technology
AHC,AHC,74690000.0,,Consumer Services
AHH,AHH,1290000000.0,2013.0,Finance
AHT,AHT,303360000.0,2003.0,Consumer Services
AI,AI,218700000.0,,Consumer Services
AIG,AIG,49420000000.0,,Finance
AIMC,AIMC,1670000000.0,2006.0,Capital Goods
AIN,AIN,2710000000.0,,Basic Industries
AINV,AINV,1110000000.0,2004.0,
AINV,AINV,1110000000.0,2004.0,
AIQ,AIQ,37830000.0,,
AIR,AIR,1460000000.0,,Capital Goods
AIT,AIT,2200000000.0,,Consumer Durables
AIV,AIV,7540000000.0,1994.0,Consumer Services
AIZ,AIZ,7340000000.0,2004.0,Finance
AJG,AJG,16780000000.000002,,Finance
AKAM,AKAM,14490000000.0,1999.0,Miscellaneous
AKBA,AKBA,492670000.0,2014.0,Health Care
AKR,AKR,2350000000.0,,Consumer Services
AKRX,AKRX,400500000.0,,Health Care
AKS,AKS,819440000.0,,Basic Industries
AL,AL,4460000000.0,2011.0,Technology
ALB,ALB,7790000000.0,,Basic Industries
ALCO,ALCO,230080000.0,,Consumer Non-Durables
ALDR,ALDR,834200000.0,2014.0,Health Care
ALE,ALE,4470000000.0,,Public Utilities
ALEX,ALEX,1690000000.0,,Consumer Services
ALG,ALG,1290000000.0,,Capital Goods
ALGN,ALGN,15040000000.0,2001.0,Health Care
ALGT,ALGT,2430000000.0,2006.0,Transportation
ALIM,ALIM,39760000.0,2010.0,Health Care
ALK,ALK,7960000000.0,,Transportation
ALKS,ALKS,3600000000.0,1991.0,Health Care
ALL,ALL,34660000000.0,,Finance
ALLE,ALLE,9260000000.0,2013.0,Consumer Services
ALNY,ALNY,8840000000.0,2004.0,Health Care
ALSN,ALSN,5330000000.0,2012.0,Capital Goods
ALTR,ALTR,2990000000.0,2017.0,Technology
ALX,ALX,1840000000.0,,Consumer Services
ALXN,ALXN,25140000000.0,1996.0,Health Care
AMAG,AMAG,313360000.0,,Health Care
AMAT,AMAT,44800000000.0,1972.0,Technology
AMBA,AMBA,1530000000.0,2012.0,Technology
AMBC,AMBC,855790000.0,,Finance
AMC,AMC,1250000000.0,2013.0,Consumer Services
AMCX,AMCX,2980000000.0,,Consumer Services
AMD,AMD,36820000000.0,,Technology
AME,AME,19850000000.0,,Consumer Durables
AMED,AMED,4380000000.0,,Health Care
AMG,AMG,4110000000.000001,,Finance
AMGN,AMGN,111080000000.0,1983.0,Health Care
AMKR,AMKR,2160000000.0,1998.0,Technology
AMNB,AMNB,399480000.0,,Finance
AMP,AMP,17660000000.0,,Finance
AMPE,AMPE,56460000.0,,Health Care
AMRC,AMRC,701410000.0,2010.0,Basic Industries
AMRS,AMRS,375130000.0,2010.0,Basic Industries
AMSC,AMSC,185010000.0,1991.0,Consumer Durables
AMSF,AMSF,1280000000.0,2005.0,Finance
AMSWA,AMSWA,424250000.0,,Technology
AMT,AMT,97840000000.0,,Consumer Services
AMTD,AMTD,25350000000.0,1997.0,Finance
AMWD,AMWD,1410000000.0,1986.0,Basic Industries
AMZN,AMZN,906650000000.0,1997.0,Consumer Services
AN,AN,4310000000.0,,Consumer Durables
ANAT,ANAT,3180000000.0,,Finance
ANDE,ANDE,856050000.0,,Consumer Services
ANF,ANF,1150000000.0,,Consumer Services
ANGI,ANGI,4770000000.0,,Consumer Services
ANGO,ANGO,743300000.0,2004.0,Health Care
ANH,ANH,372030000.0,,Consumer Services
ANIK,ANIK,779700000.0,,Health Care
ANIP,ANIP,887680000.0,,Health Care
ANSS,ANSS,17740000000.0,1996.0,Technology
ANTM,ANTM,73840000000.0,,Health Care
AON,AON,44740000000.0,,Finance
AOS,AOS,7680000000.0,,Consumer Durables
AOSL,AOSL,276930000.0,2010.0,Technology
AP,AP,45170000.0,,Capital Goods
APA,APA,8439999999.999999,,Energy
APAM,APAM,2200000000.0,2013.0,Finance
APD,APD,50240000000.0,,Basic Industries
APEI,APEI,434560000.0,2007.0,Consumer Services
APH,APH,26400000000.0,,Capital Goods
APOG,APOG,1020000000.0,,Capital Goods
APTV,APTV,21890000000.0,2011.0,Capital Goods
ARAY,ARAY,327010000.0,2007.0,Health Care
ARC,ARC,73110000.0,2004.0,Consumer Services
ARCB,ARCB,728400000.0,,Transportation
ARCC,ARCC,7950000000.0,2004.0,
ARE,ARE,16610000000.0,,Consumer Services
AREX,AREX,22030000.0,2007.0,Energy
ARI,ARI,2920000000.0,2009.0,Consumer Services
ARNA,ARNA,2780000000.0,2000.0,Health Care
ARNC,ARNC,11190000000.0,,Capital Goods
AROW,AROW,472600000.0,,Finance
ARQL,ARQL,1110000000.0,1996.0,Health Care
ARR,ARR,1040000000.0,,Consumer Services
ARTNA,ARTNA,334720000.0,,Public Utilities
ARW,ARW,5800000000.0,,Technology
ARWR,ARWR,2780000000.0,,Health Care
ASC,ASC,210500000.0,2013.0,Transportation
ASGN,ASGN,3280000000.0,1992.0,Technology
ASH,ASH,4590000000.0,,Consumer Durables
ASNA,ASNA,61380000.0,,Consumer Services
ASPS,ASPS,301260000.0,,Consumer Services
ASTE,ASTE,683130000.0,1986.0,Capital Goods
AT,AT,261420000.00000003,,Energy
ATEC,ATEC,347600000.0,2006.0,Health Care
ATEN,ATEN,553490000.0,2014.0,Technology
ATI,ATI,2500000000.0,,Basic Industries
ATLO,ATLO,243730000.0,,Finance
ATNI,ATNI,892290000.0,,Public Utilities
ATNM,ATNM,35920000.0,,Health Care
ATO,ATO,12800000000.0,,Public Utilities
ATR,ATR,7870000000.0,,Consumer Non-Durables
ATRC,ATRC,1220000000.0,2005.0,Health Care
ATRI,ATRI,1390000000.0,,Health Care
ATRO,ATRO,925680000.0,,Capital Goods
ATRS,ATRS,539900000.0,,Health Care
ATSG,ATSG,1240000000.0,,Transportation
ATU,ATU,1360000000.0,,Technology
ATVI,ATVI,37790000000.0,,Technology
AVA,AVA,3040000000.0,,Public Utilities
AVAV,AVAV,1280000000.0,2007.0,Capital Goods
AVB,AVB,28790000000.0,,Consumer Services
AVD,AVD,427940000.0,,Basic Industries
AVEO,AVEO,108660000.0,2010.0,Health Care
AVGO,AVGO,107830000000.0,2009.0,Technology
AVID,AVID,287150000.0,1993.0,Technology
AVNW,AVNW,71200000.0,,Technology
AVP,AVP,1950000000.0,,Consumer Non-Durables
AVT,AVT,4570000000.0,,Technology
AVX,AVX,2460000000.0,,Capital Goods
AVY,AVY,9650000000.0,,Consumer Durables
AWI,AWI,4700000000.0,,Consumer Non-Durables
AWK,AWK,21570000000.0,2008.0,Public Utilities
AWR,AWR,3060000000.0,,Public Utilities
AXAS,AXAS,117860000.0,,Energy
AXDX,AXDX,903490000.0,,Capital Goods
AXE,AXE,2050000000.0,,Consumer Non-Durables
AXL,AXL,897560000.0,,Capital Goods
AXP,AXP,103950000000.0,,Finance
AXS,AXS,5370000000.0,2003.0,Finance
AYI,AYI,5280000000.0,,Consumer Durables
AYR,AYR,1540000000.0,2006.0,Technology
AZO,AZO,26690000000.0,,Consumer Services
AZPN,AZPN,9640000000.0,1994.0,Technology
AZZ,AZZ,1150000000.0,,Consumer Durables
B,B,2340000000.0,,Capital Goods
BA,BA,189270000000.0,,Capital Goods
BAC,BAC,264170000000.00003,,Finance
BAH,BAH,10130000000.0,2010.0,Consumer Services
BANC,BANC,746340000.0,,Finance
BANF,BANF,1820000000.0,1993.0,Finance
BANR,BANR,1910000000.0,,Finance
BAS,BAS,41560000.0,2005.0,Energy
BAX,BAX,43780000000.0,,Health Care
BBBY,BBBY,1150000000.0,1992.0,Consumer Services
BBGI,BBGI,93630000.0,2000.0,Consumer Services
BBSI,BBSI,664140000.0,1993.0,Technology
BBT,BBT,36380000000.0,,Finance
BBW,BBW,56890000.0,2004.0,Consumer Services
BBX,BBX,385190000.0,2017.0,Finance
BBY,BBY,18400000000.0,,Consumer Services
BC,BC,4139999999.999999,,Energy
BCC,BCC,1190000000.0,2013.0,Consumer Services
BCEI,BCEI,454360000.0,2017.0,Energy
BCO,BCO,4560000000.0,,Transportation
BCOR,BCOR,1150000000.0,,Finance
BCOV,BCOV,468530000.0,2012.0,Technology
BCPC,BCPC,2910000000.0,,Basic Industries
BCRX,BCRX,324320000.0,1994.0,Health Care
BDC,BDC,2100000000.0,,Basic Industries
BDGE,BDGE,546630000.0,,Finance
BDN,BDN,2630000000.0,,Consumer Services
BDSI,BDSI,362530000.0,,Health Care
BDX,BDX,67860000000.0,,Health Care
BEAT,BEAT,1450000000.0,2008.0,Health Care
BECN,BECN,1970000000.0,2004.0,Consumer Services
BELFB,BELFB,142100000.0,,Capital Goods
BEN,BEN,15400000000.0,,Finance
BERY,BERY,5610000000.0,2012.0,Consumer Non-Durables
BFAM,BFAM,9020000000.0,2013.0,Miscellaneous
BFIN,BFIN,187250000.0,,Finance
BFS,BFS,1230000000.0,1993.0,Consumer Services
BG,BG,8220000000.000001,2001.0,Consumer Non-Durables
BGCP,BGCP,1790000000.0,,Finance
BGFV,BGFV,43150000.0,2002.0,Consumer Services
BGG,BGG,377680000.0,,Energy
BGS,BGS,1280000000.0,,Consumer Non-Durables
BH,BH,234790000.0,2018.0,Consumer Services
BHB,BHB,359730000.0,,Finance
BHE,BHE,1030000000.0,,Technology
BHF,BHF,4050000000.0,,Finance
BHGE,BHGE,25060000000.0,2017.0,Energy
BHLB,BHLB,1540000000.0,,Finance
BID,BID,2760000000.0,1988.0,Miscellaneous
BIDU,BIDU,34930000000.0,2005.0,Technology
BIG,BIG,943990000.0,,Consumer Services
BIIB,BIIB,43930000000.0,,Health Care
BIO,BIO,9890000000.0,,Capital Goods
BIOL,BIOL,33220000.0,,Health Care
BIOS,BIOS,383670000.0,,Health Care
BJRI,BJRI,786320000.0,,Consumer Services
BK,BK,42960000000.0,,Finance
BKCC,BKCC,381350000.0,2007.0,
BKD,BKD,1510000000.0,2005.0,Health Care
BKE,BKE,887620000.0,,Consumer Services
BKH,BKH,4760000000.0,,Public Utilities
BKNG,BKNG,84080000000.0,,Miscellaneous
BKU,BKU,3100000000.0,2011.0,Finance
BLDR,BLDR,2320000000.0,2005.0,Consumer Services
BLK,BLK,67989999999.99999,1999.0,Finance
BLKB,BLKB,4580000000.0,2004.0,Technology
BLL,BLL,25260000000.0,,Consumer Durables
BLMN,BLMN,1470000000.0,2012.0,Consumer Services
BLUE,BLUE,6860000000.0,2013.0,Health Care
BLX,BLX,811440000.0,1992.0,Finance
BMI,BMI,1600000000.0,,Capital Goods
BMRC,BMRC,569180000.0,,Finance
BMRN,BMRN,13800000000.0,1999.0,Health Care
BMTC,BMTC,712000000.0,,Finance
BMY,BMY,77360000000.0,,Health Care
BNFT,BNFT,847090000.0,2013.0,Technology
BOH,BOH,3370000000.0,,Finance
BOKF,BOKF,5750000000.0,,Finance
BOOM,BOOM,692030000.0,,Capital Goods
BP,BP,126360000000.0,,Energy
BPFH,BPFH,868810000.0,,Finance
BPOP,BPOP,5300000000.0,,Finance
BPTH,BPTH,35020000.0,,Health Care
BR,BR,14430000000.0,,Miscellaneous
BRC,BRC,2710000000.0,,Consumer Durables
BREW,BREW,305790000.0,,Consumer Non-Durables
BRKL,BRKL,1120000000.0,,Finance
BRKR,BRKR,6580000000.0,,Capital Goods
BRKS,BRKS,2340000000.0,1995.0,Technology
BRO,BRO,10350000000.0,,Finance
BRT,BRT,224350000.0,,Consumer Services
BSET,BSET,134180000.0,,Consumer Durables
BSRR,BSRR,384080000.0,,Finance
BSTC,BSTC,425410000.0,,Health Care
BSX,BSX,59560000000.0,,Health Care
BTU,BTU,1920000000.0,2017.0,Energy
BTX,BTX,148150000.0,,Health Care
BURL,BURL,11750000000.0,2013.0,Consumer Services
BUSE,BUSE,1420000000.0,,Finance
BV,BV,1910000000.0,2018.0,Consumer Non-Durables
BWA,BWA,7220000000.0,,Capital Goods
BXC,BXC,235820000.0,2004.0,Capital Goods
BXP,BXP,20230000000.0,1997.0,Consumer Services
BXS,BXS,2810000000.0,,
BYD,BYD,2740000000.0,1993.0,Consumer Services
BZH,BZH,360310000.0,1994.0,Capital Goods
C,C,150770000000.0,,Finance
CAC,CAC,662350000.0,,Finance
CACC,CACC,8890000000.0,1992.0,Finance
CACI,CACI,5350000000.0,,Technology
CAG,CAG,13710000000.0,,Consumer Non-Durables
CAH,CAH,13080000000.0,,Health Care
CAKE,CAKE,1840000000.0,1992.0,Consumer Services
CALM,CALM,1920000000.0,1996.0,Consumer Non-Durables
CALX,CALX,335970000.0,2010.0,Consumer Services
CAMP,CAMP,353110000.0,1983.0,Technology
CAR,CAR,2410000000.0,,Consumer Services
CARA,CARA,1110000000.0,2014.0,Health Care
CARB,CARB,550460000.0,2011.0,Technology
CASH,CASH,1120000000.0,1993.0,Finance
CASS,CASS,725730000.0,,Miscellaneous
CASY,CASY,6130000000.0,1983.0,Consumer Durables
CAT,CAT,68650000000.00001,,Capital Goods
CATM,CATM,1500000000.0,2007.0,Miscellaneous
CATO,CATO,340340000.0,,Consumer Services
CATY,CATY,2790000000.0,,Finance
CB,CB,71910000000.0,,Finance
CBB,CBB,201470000.0,,Public Utilities
CBL,CBL,158310000.0,1993.0,Consumer Services
CBM,CBM,2020000000.0,1987.0,Health Care
CBOE,CBOE,13290000000.0,2010.0,
CBPX,CBPX,833900000.0,2014.0,Capital Goods
CBRE,CBRE,17850000000.0,,Finance
CBRL,CBRL,4090000000.0,1981.0,Consumer Services
CBS,CBS,19050000000.0,,Consumer Services
CBSH,CBSH,6290000000.0,,Finance
CBT,CBT,2320000000.0,,Basic Industries
CBU,CBU,3200000000.0,,Finance
CBZ,CBZ,1270000000.0,,Miscellaneous
CCBG,CCBG,412280000.0,,Finance
CCC,CCC,1180000000.0,2019.0,Technology
CCF,CCF,939350000.0,,Consumer Durables
CCI,CCI,58600000000.0,,Consumer Services
CCK,CCK,8880000000.0,,Consumer Durables
CCL,CCL,33280000000.0,1987.0,Consumer Services
CCMP,CCMP,3370000000.0,2000.0,Technology
CCNE,CCNE,410500000.0,,Finance
CCO,CCO,1080000000.0,2005.0,Consumer Services
CCOI,CCOI,2630000000.0,,Consumer Services
CCRN,CCRN,368900000.0,2001.0,Technology
CCXI,CCXI,414160000.0,2012.0,Health Care
CDE,CDE,1240000000.0,,Basic Industries
CDNS,CDNS,19990000000.0,,Technology
CDR,CDR,218100000.0,,Consumer Services
CE,CE,13510000000.0,2005.0,Basic Industries
CECE,CECE,270600000.0,,Capital Goods
CECO,CECO,1480000000.0,1998.0,Consumer Services
CELG,CELG,67540000000.00001,1987.0,Health Care
CENTA,CENTA,1270000000.0,,Consumer Durables
CENX,CENX,632480000.0,1996.0,Basic Industries
CERN,CERN,22760000000.0,1986.0,Technology
CERS,CERS,738090000.0,1997.0,Health Care
CETV,CETV,1190000000.0,1994.0,Consumer Services
CEVA,CEVA,692190000.0,,Technology
CF,CF,11390000000.0,2005.0,Basic Industries
CFFI,CFFI,185790000.0,,Finance
CFFN,CFFN,1890000000.0,,Finance
CFG,CFG,15340000000.0,2014.0,Finance
CFR,CFR,5530000000.0,,Finance
CFX,CFX,3130000000.0,2008.0,Capital Goods
CGNX,CGNX,7600000000.0,1989.0,Capital Goods
CHCO,CHCO,1230000000.0,,Finance
CHD,CHD,19080000000.0,,Basic Industries
CHDN,CHDN,4860000000.0,,Consumer Services
CHE,CHE,6800000000.0,,Health Care
CHEF,CHEF,1150000000.0,2011.0,Consumer Non-Durables
CHGG,CHGG,5380000000.0,2013.0,Consumer Services
CHH,CHH,4930000000.0,,Consumer Services
CHK,CHK,2400000000.0,,Energy
CHKP,CHKP,17010000000.000002,1996.0,Technology
CHMG,CHMG,209230000.0,,Finance
CHRW,CHRW,11750000000.0,1997.0,Transportation
CHS,CHS,380960000.0,,Consumer Services
CHSP,CHSP,1620000000.0,2010.0,Consumer Services
CHTR,CHTR,84170000000.0,,Consumer Services
CHUY,CHUY,400000000.0,2012.0,Consumer Services
CI,CI,62910000000.0,,Health Care
CIA,CIA,342070000.0,,Finance
CIDM,CIDM,46720000.0,,Consumer Services
CIEN,CIEN,6810000000.0,1997.0,Public Utilities
CIM,CIM,3720000000.0,2007.0,Consumer Services
CINF,CINF,17920000000.0,,Finance
CIR,CIR,748820000.0,,Capital Goods
CIT,CIT,4360000000.0,,Finance
CIX,CIX,181680000.0,1998.0,Capital Goods
CKH,CKH,881870000.0,,Transportation
CL,CL,61530000000.0,,Consumer Non-Durables
CLCT,CLCT,210320000.0,1999.0,Miscellaneous
CLDT,CLDT,812650000.0,2010.0,Consumer Services
CLDX,CLDX,30430000.0,,Health Care
CLF,CLF,2430000000.0,,Basic Industries
CLFD,CLFD,170100000.0,,Public Utilities
CLFD,CLFD,170100000.0,,Public Utilities
CLGX,CLGX,3750000000.0,,Technology
CLH,CLH,4360000000.0,,Basic Industries
CLI,CLI,2030000000.0,,Consumer Services
CLNE,CLNE,537220000.0,2007.0,Public Utilities
CLNY,CLNY,2690000000.0,2014.0,Consumer Services
CLR,CLR,11880000000.0,2007.0,Energy
CLUB,CLUB,40830000.0,2006.0,Consumer Services
CLVS,CLVS,318370000.0,2011.0,Health Care
CLW,CLW,294130000.0,,Basic Industries
CLX,CLX,20250000000.0,,Consumer Durables
CMA,CMA,9440000000.0,,Finance
CMC,CMC,1990000000.0,,Basic Industries
CMCO,CMCO,829110000.0,1996.0,Capital Goods
CMCSA,CMCSA,193890000000.0,,Consumer Services
CME,CME,75550000000.0,2002.0,Finance
CMG,CMG,22570000000.0,2006.0,Consumer Services
CMI,CMI,24260000000.0,,Energy
CMLS,CMLS,248260000.0,,Consumer Services
CMO,CMO,784290000.0,,Consumer Services
CMP,CMP,1820000000.0,2003.0,Basic Industries
CMRX,CMRX,178330000.0,2013.0,Health Care
CMS,CMS,17050000000.0,,Public Utilities
CMTL,CMTL,691550000.0,,Technology
CNA,CNA,13160000000.0,,Finance
CNBKA,CNBKA,458630000.0,1987.0,Finance
CNC,CNC,20450000000.0,,Health Care
CNK,CNK,4620000000.0,2007.0,Consumer Services
CNMD,CNMD,2710000000.0,1987.0,Health Care
CNO,CNO,2480000000.0,,Finance
CNOB,CNOB,739410000.0,,Finance
CNP,CNP,13980000000.0,,Public Utilities
CNS,CNS,2510000000.0,2004.0,Finance
CNSL,CNSL,343800000.0,2005.0,Public Utilities
CNX,CNX,1340000000.0,1999.0,Energy
COF,COF,41750000000.0,1994.0,Finance
COG,COG,7390000000.0,1990.0,Energy
COHR,COHR,3300000000.0,,Capital Goods
COHU,COHU,550860000.0,,Capital Goods
COKE,COKE,3150000000.0,1972.0,Consumer Non-Durables
COLB,COLB,2550000000.0,1992.0,Finance
COLM,COLM,6810000000.0,1998.0,Consumer Non-Durables
CONE,CONE,7360000000.0,2013.0,Consumer Services
CONN,CONN,637480000.0,2003.0,Consumer Services
COO,COO,16540000000.0,,Health Care
COP,COP,61140000000.0,,Energy
COR,COR,4099999999.999999,2010.0,Consumer Services
CORE,CORE,1630000000.0,,Consumer Non-Durables
CORR,CORR,589710000.0,,Consumer Services
CORT,CORT,1410000000.0,2004.0,Health Care
COST,COST,120850000000.0,,Consumer Services
COTY,COTY,7830000000.0,2013.0,Consumer Non-Durables
COUP,COUP,8529999999.999999,2016.0,Technology
COWN,COWN,504140000.0,,Finance
CPA,CPA,4670000000.0,2005.0,Transportation
CPB,CPB,12660000000.0,,Consumer Non-Durables
CPE,CPE,1150000000.0,,Energy
CPF,CPF,808470000.0,,Finance
CPK,CPK,1520000000.0,,Public Utilities
CPRT,CPRT,17330000000.0,1994.0,Consumer Durables
CPS,CPS,670320000.0,,Capital Goods
CPSI,CPSI,326870000.0,2002.0,Technology
CPSS,CPSS,78410000.0,1992.0,Finance
CPST,CPST,54120000.0,2000.0,Energy
CPT,CPT,10190000000.0,1993.0,Consumer Services
CR,CR,4770000000.0,,Capital Goods
CRAI,CRAI,328180000.0,1998.0,Miscellaneous
CRAY,CRAY,1430000000.0,,Technology
CRCM,CRCM,289740000.0,2014.0,Consumer Services
CREE,CREE,6500000000.0,1993.0,Technology
CRI,CRI,3950000000.0,2003.0,Consumer Non-Durables
CRIS,CRIS,59340000.0,,Health Care
CRK,CRK,1060000000.0,,Energy
CRL,CRL,6580000000.0,2000.0,Health Care
CRM,CRM,125890000000.0,2004.0,Technology
CRMT,CRMT,611090000.0,,Consumer Durables
CROX,CROX,1760000000.0,2006.0,Consumer Non-Durables
CRR,CRR,37600000.0,,Capital Goods
CRR,CRR,37600000.0,,Capital Goods
CRS,CRS,2330000000.0,,Basic Industries
CRUS,CRUS,3160000000.0,1989.0,Technology
CRVL,CRVL,1620000000.0,,Finance
CRY,CRY,1020000000.0,,Health Care
CRZO,CRZO,906090000.0,1997.0,Energy
CSCO,CSCO,227560000000.0,1990.0,Technology
CSFL,CSFL,2980000000.0,,Finance
CSGP,CSGP,23010000000.0,1998.0,Miscellaneous
CSGS,CSGS,1690000000.0,1996.0,Technology
CSII,CSII,1640000000.0,1981.0,Health Care
CSL,CSL,7980000000.0,,Basic Industries
CSLT,CSLT,225140000.0,2014.0,Technology
CSOD,CSOD,3330000000.0,2011.0,Technology
CSS,CSS,43110000.0,,Consumer Services
CSU,CSU,154040000.0,1997.0,Health Care
CSV,CSV,402560000.0,,Consumer Services
CSWC,CSWC,393230000.0,,Consumer Non-Durables
CSX,CSX,53250000000.0,,Transportation
CTAS,CTAS,27070000000.0,1983.0,Consumer Non-Durables
CTB,CTB,1230000000.0,,Consumer Durables
CTBI,CTBI,720150000.0,,Finance
CTG,CTG,57630000.0,,Technology
CTIC,CTIC,40590000.0,1997.0,Health Care
CTL,CTL,11670000000.0,,Public Utilities
CTO,CTO,306650000.0,,Finance
CTRE,CTRE,2160000000.0,,Consumer Services
CTRN,CTRN,183170000.0,2005.0,Consumer Services
CTS,CTS,967000000.0,,Technology
CTSH,CTSH,35330000000.0,1998.0,Technology
CTWS,CTWS,843820000.0,,Public Utilities
CTXS,CTXS,12170000000.0,1995.0,Technology
CUB,CUB,2190000000.0,,Capital Goods
CUBE,CUBE,6740000000.0,,Consumer Services
CUBI,CUBI,610000000.0,,Finance
CUI,CUI,21260000.0,,Technology
CUR,CUR,2340000.0,,Health Care
CUTR,CUTR,352470000.0,2004.0,Health Care
CUZ,CUZ,5050000000.0,,Consumer Services
CVA,CVA,2230000000.0,,Basic Industries
CVBF,CVBF,2910000000.0,,Finance
CVCO,CVCO,1690000000.0,,Basic Industries
CVEO,CVEO,250910000.0,2014.0,Consumer Services
CVGI,CVGI,250060000.0,2004.0,Capital Goods
CVGW,CVGW,1620000000.0,,Consumer Non-Durables
CVI,CVI,4740000000.0,2007.0,Energy
CVLT,CVLT,2000000000.0,2006.0,Technology
CVS,CVS,76700000000.0,,Health Care
CVX,CVX,234740000000.0,,Energy
CW,CW,5270000000.0,,Technology
CWCO,CWCO,210440000.0,,Public Utilities
CWH,CWH,765660000.0,2016.0,Consumer Durables
CWST,CWST,2190000000.0,1997.0,Public Utilities
CWT,CWT,2590000000.0,,Public Utilities
CXO,CXO,14760000000.0,2007.0,Energy
CXW,CXW,2150000000.0,,Consumer Services
CY,CY,8439999999.999999,1986.0,Technology
CYH,CYH,269160000.0,2000.0,Health Care
CYTK,CYTK,785590000.0,2004.0,Health Care
CZNC,CZNC,333440000.0,,Finance
CZR,CZR,7860000000.0,2012.0,Consumer Services
D,D,60520000000.0,,Public Utilities
DAKT,DAKT,273990000.0,1994.0,Consumer Durables
DAL,DAL,39030000000.0,,Transportation
DAN,DAN,2050000000.0,,Capital Goods
DAR,DAR,3350000000.0,,Consumer Non-Durables
DAVE,DAVE,41550000.0,,Consumer Services
DBD,DBD,1090000000.0,,Miscellaneous
DCI,DCI,6240000000.0,,Capital Goods
DCO,DCO,512250000.0,,Capital Goods
DCOM,DCOM,721700000.0,,Finance
DD,DD,52890000000.0,2017.0,Basic Industries
DDD,DDD,816840000.0,,Technology
DDS,DDS,1740000000.0,,Consumer Services
DE,DE,49150000000.0,,Capital Goods
DECK,DECK,4320000000.0,1993.0,Consumer Non-Durables
DEI,DEI,7230000000.0,2006.0,Consumer Services
DELL,DELL,36880000000.0,2018.0,Technology
DENN,DENN,1340000000.0,,Consumer Services
DEST,DEST,9930000.0,,Consumer Services
DF,DF,102750000.0,,Consumer Non-Durables
DFRG,DFRG,266660000.00000003,2012.0,Consumer Services
DFS,DFS,26930000000.0,,Finance
DG,DG,35490000000.0,2009.0,Consumer Services
DGICA,DGICA,422400000.0,,Finance
DGII,DGII,360000000.0,1989.0,Technology
DGX,DGX,13630000000.0,,Health Care
DHI,DHI,17720000000.0,,Capital Goods
DHIL,DHIL,471170000.0,,Finance
DHR,DHR,101070000000.0,,Capital Goods
DHT,DHT,778160000.0,2005.0,Transportation
DHX,DHX,189740000.0,2007.0,Miscellaneous
DIN,DIN,1430000000.0,,Consumer Services
DIOD,DIOD,1950000000.0,,Technology
DIS,DIS,248160000000.0,,Consumer Services
DISCA,DISCA,15570000000.0,,Consumer Services
DISCK,DISCK,14380000000.0,,Consumer Services
DISH,DISH,15440000000.0,1995.0,Consumer Services
DJCO,DJCO,312050000.0,,Consumer Services
DK,DK,2680000000.0,2017.0,Energy
DKS,DKS,3110000000.0,2002.0,Consumer Services
DLB,DLB,6050000000.0,2005.0,Miscellaneous
DLPH,DLPH,1340000000.0,2017.0,Capital Goods
DLR,DLR,24940000000.0,2004.0,Consumer Services
DLTR,DLTR,22070000000.0,1995.0,Consumer Services
DLX,DLX,1900000000.0,,Consumer Durables
DMRC,DMRC,576840000.0,,Technology
DNKN,DNKN,6800000000.0,2011.0,Consumer Services
DNR,DNR,498120000.0,,Energy
DO,DO,838560000.0,1995.0,Energy
DOC,DOC,3240000000.0,2013.0,Consumer Services
DOOR,DOOR,1260000000.0,,Basic Industries
DORM,DORM,2370000000.0,,Capital Goods
DOV,DOV,13440000000.0,,Technology
DOW,DOW,34770000000.0,2019.0,Basic Industries
DOX,DOX,8790000000.0,,Technology
DPZ,DPZ,10170000000.0,2004.0,Consumer Non-Durables
DRE,DRE,12040000000.0,,Consumer Services
DRH,DRH,1910000000.0,2005.0,Consumer Services
DRI,DRI,14990000000.0,,Consumer Services
DRIV,DRIV,11550000.0,,
DRNA,DRNA,942870000.0,2014.0,Health Care
DRQ,DRQ,1770000000.0,1997.0,Energy
DSPG,DSPG,330050000.0,1994.0,Technology
DTE,DTE,23700000000.0,,Public Utilities
DTV,DTV,,2016.0,Public Utilities
DUK,DUK,65019999999.99999,,Public Utilities
DVA,DVA,9580000000.0,,Health Care
DVAX,DVAX,198450000.0,2004.0,Health Care
DVN,DVN,10150000000.0,,Energy
DWSN,DWSN,52250000.0,,Energy
DX,DX,391150000.0,,Consumer Services
DXC,DXC,13760000000.0,,Technology
DXCM,DXCM,14070000000.0,2005.0,Health Care
DXLG,DXLG,85290000.0,,Consumer Services
DXPE,DXPE,595850000.0,,Capital Goods
DXYN,DXYN,9780000.0,,Consumer Durables
DY,DY,1570000000.0,,Basic Industries
EA,EA,28220000000.0,,Technology
EAT,EAT,1490000000.0,,Consumer Services
EBAY,EBAY,34600000000.0,1998.0,Miscellaneous
EBAY,EBAY,34600000000.0,1998.0,Miscellaneous
EBF,EBF,532980000.0,,Consumer Services
EBIX,EBIX,1210000000.0,,Technology
EBS,EBS,2270000000.0,2006.0,Health Care
EBSB,EBSB,956060000.0,,Finance
EBTC,EBTC,330100000.0,,Finance
ECHO,ECHO,572660000.0,2009.0,Transportation
ECL,ECL,59000000000.0,,Basic Industries
ECOL,ECOL,1390000000.0,,Public Utilities
ECPG,ECPG,1160000000.0,,Finance
ED,ED,29070000000.0,,Public Utilities
EE,EE,2720000000.0,,Public Utilities
EEFT,EEFT,8080000000.0,1997.0,Finance
EFSC,EFSC,1070000000.0,,Finance
EFX,EFX,17410000000.0,,Finance
EGAN,EGAN,219810000.0,1999.0,Technology
EGBN,EGBN,1350000000.0,,Finance
EGHT,EGHT,2480000000.0,,Technology
EGOV,EGOV,1420000000.0,1999.0,Miscellaneous
EGP,EGP,4600000000.0,,Consumer Services
EGY,EGY,101650000.0,,Energy
EHTH,EHTH,2500000000.0,2006.0,Finance
EIG,EIG,1360000000.0,2007.0,Finance
EIGI,EIGI,746340000.0,2013.0,Technology
EIX,EIX,26900000000.0,,Public Utilities
EL,EL,67459999999.99999,1995.0,Consumer Non-Durables
ELGX,ELGX,108620000.0,,Health Care
ELS,ELS,11860000000.0,,Consumer Services
ELY,ELY,1650000000.0,1992.0,Consumer Non-Durables
EMCI,EMCI,779410000.0,1982.0,Finance
EME,EME,4770000000.0,,Capital Goods
EMN,EMN,9490000000.0,,Basic Industries
EMR,EMR,37380000000.0,,Energy
ENDP,ENDP,578950000.0,,Health Care
ENPH,ENPH,3850000000.0,2012.0,Technology
ENR,ENR,2580000000.0,2015.0,Miscellaneous
ENS,ENS,2490000000.0,2004.0,Consumer Non-Durables
ENSG,ENSG,2770000000.0,2007.0,Health Care
ENT,ENT,77150000.0,2011.0,Consumer Services
ENTA,ENTA,1440000000.0,2013.0,Health Care
ENTG,ENTG,5670000000.0,2000.0,Consumer Non-Durables
ENV,ENV,3170000000.0,2010.0,Miscellaneous
ENZ,ENZ,175480000.0,,Health Care
EOG,EOG,46660000000.0,,Energy
EPAM,EPAM,10380000000.0,2012.0,Technology
EPAY,EPAY,1880000000.0,1999.0,Technology
EPM,EPM,202440000.0,,Energy
EPR,EPR,5980000000.0,1997.0,Consumer Services
EPZM,EPZM,1110000000.0,2013.0,Health Care
EQIX,EQIX,46650000000.0,2000.0,Consumer Services
EQR,EQR,29980000000.0,,Consumer Services
EQT,EQT,3220000000.0,,Energy
ERA,ERA,223350000.0,,Transportation
ERIE,ERIE,11710000000.0,,Finance
ERII,ERII,550750000.0,2008.0,Technology
EROS,EROS,100110000.0,2013.0,Consumer Services
ES,ES,25400000000.0,,Public Utilities
ESCA,ESCA,160560000.0,,Consumer Non-Durables
ESE,ESE,2120000000.0,,Capital Goods
ESGR,ESGR,3160000000.0,,Finance
ESI,ESI,2470000000.0,2014.0,Basic Industries
ESNT,ESNT,4630000000.0,2013.0,Finance
ESPR,ESPR,1050000000.0,2013.0,Health Care
ESRT,ESRT,4760000000.0,2013.0,Consumer Services
ESS,ESS,20090000000.0,1994.0,Consumer Services
ESSA,ESSA,167940000.0,,Finance
ETFC,ETFC,10360000000.0,,Finance
ETH,ETH,476310000.0,1993.0,Consumer Durables
ETM,ETM,477700000.0,1999.0,Consumer Services
ETN,ETN,33500000000.0,,Technology
ETR,ETR,21270000000.0,,Public Utilities
EV,EV,4820000000.0,,Finance
EVC,EVC,240880000.0,2000.0,Consumer Services
EVER,EVER,506360000.0,2018.0,Technology
EVR,EVR,3240000000.0,2006.0,Finance
EVTC,EVTC,2550000000.0,2013.0,Technology
EW,EW,45150000000.0,,Health Care
EWBC,EWBC,6200000000.0,,Finance
EXAS,EXAS,15510000000.0,2001.0,Health Care
EXC,EXC,44130000000.0,,Public Utilities
EXEL,EXEL,6360000000.0,2000.0,Health Care
EXLS,EXLS,2360000000.0,2006.0,Miscellaneous
EXP,EXP,3660000000.0,,Capital Goods
EXPD,EXPD,12570000000.0,,Transportation
EXPE,EXPE,19120000000.0,,Consumer Services
EXPO,EXPO,3670000000.0,,Consumer Services
EXPR,EXPR,147980000.0,2010.0,Consumer Services
EXR,EXR,15260000000.0,2004.0,Consumer Services
EXTR,EXTR,971250000.0,1999.0,Technology
EZPW,EZPW,490140000.0,1991.0,Consumer Services
F,F,38140000000.0,,Capital Goods
FAF,FAF,6480000000.0,,Finance
FANG,FANG,15680000000.0,2012.0,Energy
FARM,FARM,249640000.0,,Consumer Non-Durables
FARO,FARO,877530000.0,1997.0,Capital Goods
FAST,FAST,17059999999.999998,1987.0,Consumer Services
FB,FB,542970000000.0,2012.0,Technology
FBC,FBC,1920000000.0,,Finance
FBHS,FBHS,7430000000.0,,Basic Industries
FBIZ,FBIZ,201300000.0,,Finance
FBNC,FBNC,1080000000.0,1987.0,Finance
FBP,FBP,2150000000.0,,Finance
FC,FC,510620000.0,,Consumer Services
FCBC,FCBC,516030000.0,,Finance
FCEL,FCEL,32570000.0,,Miscellaneous
FCF,FCF,1250000000.0,,Finance
FCFS,FCFS,4310000000.0,1991.0,Consumer Services
FCN,FCN,4010000000.0,,Consumer Services
FCNCA,FCNCA,5010000000.0,,Finance
FCSC,FCSC,17080000.0,,Health Care
FCX,FCX,14680000000.0,,Basic Industries
FDEF,FDEF,545470000.0,,Finance
FDP,FDP,1430000000.0,1997.0,Consumer Non-Durables
FDS,FDS,10770000000.0,1996.0,Technology
FDUS,FDUS,359360000.0,2011.0,
FDX,FDX,42830000000.0,,Transportation
FE,FE,23550000000.0,,Public Utilities
FELE,FELE,2130000000.0,,Consumer Durables
FET,FET,201990000.0,2012.0,Energy
FF,FF,497360000.0,,Basic Industries
FFBC,FFBC,2370000000.0,,Finance
FFG,FFG,1450000000.0,1996.0,Finance
FFIC,FFIC,543180000.0,,Finance
FFIN,FFIN,4290000000.0,,Finance
FFIV,FFIV,8260000000.0,1999.0,Technology
FFNW,FFNW,153870000.0,,Finance
FHN,FHN,5000000000.0,,Finance
FIBK,FIBK,2550000000.0,2010.0,Finance
FICO,FICO,10640000000.0,,Miscellaneous
FII,FII,3370000000.0,1998.0,Finance
FIS,FIS,83600000000.0,,Miscellaneous
FISI,FISI,469140000.0,1999.0,Finance
FISV,FISV,71640000000.0,1986.0,Technology
FITB,FITB,19650000000.0,,Finance
FIVE,FIVE,6280000000.0,2012.0,Consumer Services
FIVN,FIVN,3760000000.0,2014.0,Technology
FIX,FIX,1500000000.0,1997.0,Capital Goods
FIZZ,FIZZ,2080000000.0,,Consumer Non-Durables
FL,FL,4450000000.0,,Consumer Services
FLDM,FLDM,456910000.0,2011.0,Capital Goods
FLIC,FLIC,536880000.0,,Finance
FLIR,FLIR,6610000000.0,1993.0,Capital Goods
FLO,FLO,4850000000.0,,Consumer Non-Durables
FLR,FLR,2800000000.0,,Basic Industries
FLS,FLS,5920000000.0,,Capital Goods
FLT,FLT,25550000000.0,2010.0,Miscellaneous
FLWS,FLWS,1250000000.0,1999.0,Consumer Services
FLXN,FLXN,398160000.0,2014.0,Health Care
FLXS,FLXS,141460000.0,,Consumer Durables
FMBI,FMBI,2230000000.0,,Finance
FMC,FMC,11580000000.0,,Basic Industries
FMC,FMC,11580000000.0,,Basic Industries
FN,FN,1980000000.0,2010.0,Public Utilities
FNB,FNB,3660000000.0,,Finance
FNF,FNF,12120000000.0,2014.0,Finance
FNHC,FNHC,168540000.0,,Finance
FNLC,FNLC,273710000.0,,Finance
FNSR,FNSR,2760000000.0,1999.0,Technology
FOE,FOE,1040000000.0,,Basic Industries
FOLD,FOLD,2900000000.0,2007.0,Health Care
FOR,FOR,818640000.0,2017.0,Finance
FORM,FORM,1280000000.0,2003.0,Technology
FORR,FORR,703920000.0,1996.0,Consumer Services
FOSL,FOSL,561580000.0,1993.0,Consumer Non-Durables
FOX,FOX,21710000000.0,,Consumer Services
FOXA,FOXA,21800000000.0,,Consumer Services
FOXF,FOXF,2850000000.0,2013.0,Consumer Non-Durables
FPRX,FPRX,200870000.0,2013.0,Health Care
FR,FR,4870000000.0,1994.0,Consumer Services
FRAN,FRAN,9230000.0,2011.0,Consumer Services
FRBK,FRBK,242140000.0,,Finance
FRC,FRC,15620000000.0,,
FRED,FRED,12180000.0,1992.0,Consumer Services
FRGI,FRGI,273700000.0,,Consumer Services
FRME,FRME,1850000000.0,,Finance
FRO,FRO,1230000000.0,,Transportation
FRT,FRT,9860000000.0,,Consumer Services
FSLR,FSLR,6830000000.0,2006.0,Technology
FSP,FSP,849270000.0,,Consumer Services
FSS,FSS,1850000000.0,,Capital Goods
FSTR,FSTR,252500000.0,,Basic Industries
FTI,FTI,11280000000.0,,Energy
FTK,FTK,118380000.0,,Basic Industries
FTNT,FTNT,14430000000.0,2009.0,Technology
FTR,FTR,96210000.0,,Public Utilities
FTV,FTV,24100000000.0,2016.0,Capital Goods
FUL,FUL,2340000000.0,,Basic Industries
FULT,FULT,2750000000.0,,Finance
FVE,FVE,31810000.0,,Health Care
FWRD,FWRD,1760000000.0,,Transportation
G,G,7980000000.0,2007.0,Consumer Services
GABC,GABC,822080000.0,,Finance
GAIA,GAIA,130130000.0,1999.0,Consumer Services
GAIN,GAIN,379430000.0,2005.0,
GALT,GALT,197660000.0,,Health Care
GARS,GARS,112350000.0,2013.0,
GBCI,GBCI,3410000000.0,,Finance
GBDC,GBDC,1110000000.0,2010.0,
GBL,GBL,501130000.0,1999.0,Finance
GBLI,GBLI,393210000.0,,Finance
GBX,GBX,860160000.0,1994.0,Capital Goods
GCAP,GCAP,161850000.0,2010.0,Finance
GCI,GCI,1190000000.0,2015.0,Consumer Services
GCO,GCO,638230000.0,,Consumer Services
GD,GD,53200000000.0,,Capital Goods
GDOT,GDOT,1460000000.0,2010.0,Finance
GDP,GDP,136940000.0,2017.0,Energy
GE,GE,82820000000.0,,Energy
GEF,GEF,2050000000.0,,
GEO,GEO,2200000000.0,,Consumer Services
GEOS,GEOS,182950000.0,,Capital Goods
GERN,GERN,241180000.0,1996.0,Health Care
GES,GES,1200000000.0,1996.0,Consumer Non-Durables
GFF,GFF,890610000.0,,Capital Goods
GFN,GFN,232720000.0,,Technology
GGG,GGG,7870000000.0,,Capital Goods
GHC,GHC,3770000000.0,,Consumer Services
GHDX,GHDX,2770000000.0,2005.0,Health Care
GHL,GHL,319280000.0,2004.0,Finance
GHM,GHM,196830000.0,,Technology
GIFI,GIFI,106960000.0,1997.0,Capital Goods
GIII,GIII,1220000000.0,1989.0,Consumer Non-Durables
GILD,GILD,82130000000.0,1992.0,Health Care
GIS,GIS,32520000000.000004,,Consumer Non-Durables
GLAD,GLAD,284950000.0,2001.0,Consumer Non-Durables
GLDD,GLDD,679110000.0,,Basic Industries
GLNG,GLNG,1430000000.0,,Consumer Services
GLOG,GLOG,1020000000.0,2012.0,Consumer Services
GLRE,GLRE,354080000.0,2007.0,Finance
GLT,GLT,649760000.0,,Basic Industries
GLUU,GLUU,753860000.0,2007.0,Technology
GLW,GLW,22760000000.0,,Basic Industries
GM,GM,58210000000.0,2010.0,Capital Goods
GME,GME,397830000.0,2002.0,Consumer Services
GMED,GMED,4940000000.0,2012.0,Health Care
GMO,GMO,26390000.0,,Basic Industries
GNC,GNC,169160000.0,2011.0,Consumer Non-Durables
GNCA,GNCA,82700000.0,2014.0,Health Care
GNE,GNE,194530000.0,2011.0,Public Utilities
GNMK,GNMK,387720000.0,2010.0,Health Care
GNRC,GNRC,4570000000.0,2010.0,Consumer Durables
GNTX,GNTX,7060000000.0,,Capital Goods
GNW,GNW,2010000000.0,2004.0,Finance
GOGO,GOGO,402110000.0,2013.0,Consumer Services
GOLD,GOLD,31880000000.0,,Basic Industries
GOOD,GOOD,702910000.0,2003.0,Consumer Services
GOOG,GOOG,835430000000.0,2004.0,Technology
GOOGL,GOOGL,836260000000.0,,Technology
GORO,GORO,215940000.0,,Basic Industries
GPC,GPC,13430000000.0,,Capital Goods
GPI,GPI,1540000000.0,1997.0,Consumer Durables
GPK,GPK,4139999999.999999,,Consumer Durables
GPN,GPN,25130000000.0,,Miscellaneous
GPOR,GPOR,532380000.0,,Energy
GPRE,GPRE,335280000.0,,Basic Industries
GPS,GPS,6880000000.0,,Consumer Services
GPX,GPX,236350000.0,,Consumer Services
GRA,GRA,4490000000.0,,Basic Industries
GRC,GRC,836010000.0,,Capital Goods
GRIF,GRIF,200740000.0,,Finance
GRMN,GRMN,14950000000.0,2000.0,Capital Goods
GRPN,GRPN,1520000000.0,2011.0,Technology
GRUB,GRUB,6330000000.0,2014.0,Miscellaneous
GS,GS,74430000000.0,1999.0,Finance
GSAT,GSAT,602090000.0,2006.0,Consumer Services
GSBC,GSBC,812620000.0,1989.0,Finance
GSBD,GSBD,804740000.0,2015.0,
GSIT,GSIT,182960000.0,2007.0,Technology
GSM,GSM,230010000.0,,Capital Goods
GT,GT,2910000000.0,,Consumer Durables
GTLS,GTLS,2290000000.0,2006.0,Capital Goods
GTN,GTN,1550000000.0,,Consumer Services
GTS,GTS,627110000.0,2007.0,Finance
GTT,GTT,340110000.0,,Public Utilities
GTY,GTY,1220000000.0,,Finance
GVA,GVA,1400000000.0,,Basic Industries
GWR,GWR,6230000000.0,,Transportation
GWRE,GWRE,8060000000.000001,2012.0,Technology
GWW,GWW,15100000000.0,,Consumer Services
H,H,7940000000.0,2009.0,Consumer Services
HA,HA,1260000000.0,,Transportation
HAE,HAE,6870000000.0,1991.0,Health Care
HAFC,HAFC,618870000.0,,Finance
HAIN,HAIN,2310000000.0,,Consumer Non-Durables
HAL,HAL,17460000000.0,,Energy
HALL,HALL,280550000.0,,Finance
HALO,HALO,2340000000.0,,Health Care
HAS,HAS,14720000000.0,,Consumer Non-Durables
HASI,HASI,1870000000.0,2013.0,Consumer Services
HAYN,HAYN,374460000.0,2007.0,Capital Goods
HBAN,HBAN,13490000000.0,,Finance
HBCP,HBCP,343120000.0,,Finance
HBI,HBI,5420000000.0,,Consumer Services
HBIO,HBIO,92330000.0,2000.0,Capital Goods
HBNC,HBNC,743060000.0,,Finance
HCA,HCA,43180000000.0,2011.0,Health Care
HCC,HCC,1090000000.0,2017.0,Energy
HCCI,HCCI,624480000.0,2008.0,Basic Industries
HCI,HCI,350480000.0,,Finance
HCKT,HCKT,490410000.0,,Consumer Services
HCP,HCP,16800000000.0,,Consumer Services
HCSG,HCSG,1750000000.0,1983.0,Health Care
HD,HD,232790000000.0,,Consumer Services
HE,HE,4910000000.0,,Public Utilities
HEAR,HEAR,151870000.0,,Capital Goods
HEES,HEES,957060000.0,2006.0,
HEI,HEI,19120000000.0,,Capital Goods
HELE,HELE,3730000000.0,,Consumer Durables
HES,HES,18310000000.0,,Energy
HFC,HFC,8400000000.0,,Energy
HFWA,HFWA,1010000000.0,,Finance
HHC,HHC,5780000000.0,,Consumer Services
HHS,HHS,16760000.000000002,1993.0,Technology
HI,HI,1830000000.0,,Consumer Durables
HIBB,HIBB,298240000.0,1996.0,Consumer Services
HIFS,HIFS,411620000.0,,
HIG,HIG,21220000000.0,,Finance
HII,HII,8770000000.0,,Capital Goods
HIIQ,HIIQ,302960000.0,2013.0,Finance
HIL,HIL,175330000.0,2018.0,Consumer Services
HIVE,HIVE,254970000.0,2014.0,Technology
HIW,HIW,4660000000.0,1994.0,Consumer Services
HL,HL,831460000.0,,Basic Industries
HLF,HLF,5770000000.0,2004.0,Health Care
HLIT,HLIT,648770000.0,1995.0,Technology
HLT,HLT,27470000000.0,2016.0,Consumer Services
HLX,HLX,1150000000.0,,Energy
HMHC,HMHC,663990000.0,2013.0,Consumer Services
HMN,HMN,1820000000.0,1991.0,Finance
HMST,HMST,717860000.0,2012.0,Finance
HMSY,HMSY,3370000000.0,1992.0,Miscellaneous
HMTV,HMTV,481960000.0,,Consumer Services
HNI,HNI,1410000000.0,,Consumer Durables
HNRG,HNRG,153060000.0,,Energy
HOFT,HOFT,228070000.0,,Consumer Durables
HOG,HOG,5460000000.0,,Consumer Non-Durables
HOLX,HOLX,13380000000.0,1990.0,Health Care
HOMB,HOMB,3130000000.0,2006.0,Finance
HOME,HOME,319570000.0,2016.0,Consumer Services
HON,HON,120170000000.0,,Capital Goods
HOS,HOS,30490000.0,2004.0,Consumer Services
HOV,HOV,34630000.0,,Capital Goods
HP,HP,4810000000.0,,Energy
HPE,HPE,18150000000.0,2015.0,Technology
HPP,HPP,5340000000.0,2010.0,Finance
HPQ,HPQ,29420000000.0,,Technology
HPT,HPT,3990000000.0,,Consumer Services
HR,HR,4280000000.000001,1993.0,Consumer Services
HRB,HRB,5600000000.0,,Consumer Services
HRC,HRC,7170000000.0,,Health Care
HRL,HRL,22300000000.0,,Consumer Non-Durables
HRTG,HRTG,423900000.0,2014.0,Finance
HRTX,HRTX,1430000000.0,,Health Care
HRZN,HRZN,164160000.0,2010.0,
HSC,HSC,1550000000.0,,Capital Goods
HSIC,HSIC,9320000000.0,1995.0,Health Care
HSII,HSII,536650000.0,1999.0,Technology
HST,HST,12450000000.0,,Consumer Services
HSTM,HSTM,920700000.0,2000.0,Technology
HSY,HSY,32390000000.0,,Consumer Non-Durables
HT,HT,598870000.0,1999.0,Consumer Services
HTA,HTA,5650000000.0,,Consumer Services
HTBI,HTBI,458060000.0,2012.0,Finance
HTBK,HTBK,502410000.0,,Finance
HTGC,HTGC,1380000000.0,2012.0,
HTH,HTH,2090000000.0,,Finance
HTLD,HTLD,1640000000.0,1986.0,Transportation
HTLF,HTLF,1680000000.0,,Finance
HTZ,HTZ,2080000000.0,2016.0,Consumer Services
HUBG,HUBG,1450000000.0,1996.0,Transportation
HUM,HUM,39890000000.0,,Health Care
HUN,HUN,4900000000.0,2005.0,Basic Industries
HURC,HURC,223830000.0,,Capital Goods
HURN,HURN,1370000000.0,2004.0,Consumer Services
HVT,HVT,361760000.0,,Consumer Services
HWCC,HWCC,72600000.0,2006.0,Consumer Non-Durables
HWKN,HWKN,488040000.0,,Consumer Durables
HXL,HXL,6920000000.0,,Basic Industries
HY,HY,968220000.0,,Capital Goods
HZNP,HZNP,5100000000.0,2011.0,Health Care
HZO,HZO,327820000.0,1998.0,Consumer Services
I,I,2940000000.0,2013.0,Consumer Services
IART,IART,5370000000.0,,Health Care
IBCP,IBCP,453590000.0,,Finance
IBKC,IBKC,3960000000.0,,Finance
IBM,IBM,124110000000.0,,Technology
IBOC,IBOC,2220000000.0,,Finance
IBP,IBP,1670000000.0,2014.0,Basic Industries
IBTX,IBTX,2220000000.0,2013.0,Finance
ICE,ICE,51510000000.0,2005.0,Finance
ICFI,ICFI,1560000000.0,2006.0,Consumer Services
ICON,ICON,11110000.0,,Consumer Non-Durables
ICPT,ICPT,2150000000.0,2012.0,Health Care
ICUI,ICUI,3390000000.0,1992.0,Health Care
IDA,IDA,5330000000.0,,Public Utilities
IDCC,IDCC,1660000000.0,,Miscellaneous
IDRA,IDRA,70050000.0,,Health Care
IDT,IDT,237570000.0,,Public Utilities
IDXX,IDXX,23720000000.0,1991.0,Health Care
IEX,IEX,12300000000.0,1989.0,Capital Goods
IFF,IFF,13030000000.0,,Basic Industries
IGT,IGT,2700000000.0,2015.0,Consumer Services
IHC,IHC,565200000.0,,Finance
III,III,118460000.0,,Consumer Services
IIIN,IIIN,361930000.0,,Capital Goods
IIVI,IIVI,2460000000.0,1987.0,Capital Goods
ILMN,ILMN,43880000000.0,2000.0,Capital Goods
IMGN,IMGN,426160000.0,1989.0,Health Care
IMI,IMI,59210000.0,2011.0,Technology
IMKTA,IMKTA,673640000.0,1987.0,Consumer Services
IMMR,IMMR,250540000.0,1999.0,Technology
IMMU,IMMU,2980000000.0,,Health Care
INAP,INAP,59480000.0,1999.0,Technology
INCY,INCY,17470000000.0,,Health Care
INDB,INDB,2480000000.0,,Finance
INFI,INFI,79270000.0,,Health Care
INFN,INFN,812460000.0,2007.0,Public Utilities
INFO,INFO,25820000000.0,1996.0,Technology
INGN,INGN,1020000000.0,2014.0,Health Care
INGR,INGR,5170000000.0,,Consumer Non-Durables
INN,INN,1210000000.0,2011.0,Consumer Services
INO,INO,249990000.0,,Health Care
INSM,INSM,1530000000.0,,Health Care
INT,INT,2510000000.0,,Energy
INTC,INTC,208960000000.0,,Technology
INTL,INTL,701620000.0,,Finance
INTU,INTU,71720000000.0,1993.0,Technology
INWK,INWK,147510000.0,2006.0,Miscellaneous
IO,IO,114840000.0,,Energy
IOSP,IOSP,2220000000.0,,Basic Industries
IP,IP,16090000000.0,,Basic Industries
IPAR,IPAR,2150000000.0,,Consumer Non-Durables
IPG,IPG,8310000000.000001,,Technology
IPGP,IPGP,6640000000.0,2006.0,Technology
IPHI,IPHI,2970000000.0,2010.0,Technology
IPHS,IPHS,551740000.0,2006.0,Consumer Durables
IPI,IPI,432440000.0,2008.0,Basic Industries
IQV,IQV,30970000000.0,2013.0,Health Care
IR,IR,29220000000.0,,Capital Goods
IRBT,IRBT,1940000000.0,2005.0,Consumer Durables
IRDM,IRDM,3070000000.0,,Capital Goods
IRET,IRET,809160000.0,,Consumer Services
IRM,IRM,8960000000.0,,Consumer Services
IRWD,IRWD,1500000000.0,2010.0,Health Care
ISBC,ISBC,3080000000.0,,Finance
ISCA,ISCA,1960000000.0,1996.0,Consumer Services
ISRG,ISRG,59870000000.0,2000.0,Health Care
ISRL,ISRL,330170000.0,1983.0,Energy
ISSC,ISSC,89960000.0,2000.0,Technology
IT,IT,11940000000.0,1993.0,Consumer Services
ITCI,ITCI,516059999.99999994,,Health Care
ITIC,ITIC,294660000.0,,Finance
ITRI,ITRI,2720000000.0,1993.0,Capital Goods
ITT,ITT,5180000000.0,2011.0,Capital Goods
ITW,ITW,48800000000.0,,Technology
IVAC,IVAC,115690000.0,1995.0,Technology
IVC,IVC,199720000.0,,Health Care
IVR,IVR,2140000000.0,2009.0,Consumer Services
IVZ,IVZ,8020000000.0,,Finance
JACK,JACK,2240000000.0,,Consumer Services
JAKK,JAKK,23570000.0,1996.0,Consumer Non-Durables
JBHT,JBHT,10600000000.0,,Transportation
JBL,JBL,4390000000.0,1993.0,Technology
JBLU,JBLU,5830000000.0,2002.0,Transportation
JBSS,JBSS,915210000.0,1991.0,Consumer Non-Durables
JBT,JBT,3330000000.0,,Technology
JCI,JCI,33900000000.0,,Consumer Services
JCOM,JCOM,4019999999.999999,1999.0,Technology
JCP,JCP,219900000.0,,Consumer Services
JEC,JEC,11590000000.0,,Basic Industries
JJSF,JJSF,3510000000.0,1986.0,Consumer Non-Durables
JKHY,JKHY,10880000000.0,1985.0,Technology
JLL,JLL,7420000000.0,,Finance
JNJ,JNJ,347530000000.0,,Health Care
JNPR,JNPR,8820000000.0,1999.0,Technology
JOE,JOE,1060000000.0,,Consumer Services
JOUT,JOUT,611350000.0,,Consumer Non-Durables
JPM,JPM,351280000000.0,,Finance
JWN,JWN,4660000000.0,,Consumer Services
K,K,21290000000.0,,Consumer Non-Durables
KAI,KAI,936420000.0,,Technology
KALU,KALU,1510000000.0,,Capital Goods
KAMN,KAMN,1640000000.0,,Consumer Durables
KAR,KAR,3350000000.0,2009.0,Consumer Durables
KBH,KBH,2370000000.0,1986.0,Capital Goods
KBR,KBR,3620000000.0,2006.0,Basic Industries
KEG,KEG,37530000.0,2016.0,Energy
KELYA,KELYA,1110000000.0,,Technology
KEM,KEM,1160000000.0,,Capital Goods
KEX,KEX,4610000000.0,,Consumer Services
KEY,KEY,16570000000.0,,Finance
KFRC,KFRC,841650000.0,1995.0,Technology
KFY,KFY,2210000000.0,1999.0,Technology
KHC,KHC,34410000000.0,,Consumer Non-Durables
KIM,KIM,8050000000.000001,,Consumer Services
KIN,KIN,289830000.0,2013.0,Health Care
KIRK,KIRK,21670000.0,2002.0,Consumer Services
KLAC,KLAC,22200000000.0,1980.0,Capital Goods
KMB,KMB,47680000000.0,,Consumer Durables
KMI,KMI,46110000000.0,2011.0,Public Utilities
KMPR,KMPR,5340000000.0,,Finance
KMT,KMT,2590000000.0,,Capital Goods
KMX,KMX,13910000000.0,,Consumer Durables
KNL,KNL,1170000000.0,2004.0,Consumer Durables
KNX,KNX,6200000000.0,2017.0,Transportation
KO,KO,229580000000.0,,Consumer Non-Durables
KODK,KODK,106640000.0,,Miscellaneous
KOP,KOP,577520000.0,2006.0,Basic Industries
KOPN,KOPN,92550000.0,1992.0,Technology
KOS,KOS,2530000000.0,2011.0,Energy
KPTI,KPTI,555690000.0,2013.0,Health Care
KR,KR,18650000000.0,,Consumer Services
KRA,KRA,908070000.0,2009.0,Basic Industries
KRC,KRC,7940000000.0,1997.0,Consumer Services
KRG,KRG,1310000000.0,2004.0,Consumer Services
KRNY,KRNY,1170000000.0,,Finance
KRO,KRO,1310000000.0,,Basic Industries
KSS,KSS,8130000000.000001,1992.0,Consumer Services
KSU,KSU,11910000000.0,,Transportation
KTOS,KTOS,2070000000.0,,Capital Goods
KVHI,KVHI,167840000.0,1996.0,Technology
KW,KW,3110000000.0,,Finance
KWR,KWR,3020000000.0,,Basic Industries
L,L,15620000000.0,,Finance
LAD,LAD,2990000000.0,,Consumer Durables
LADR,LADR,2030000000.0,2014.0,Consumer Services
LAMR,LAMR,7930000000.0,1996.0,Consumer Services
LANC,LANC,4230000000.000001,,Consumer Non-Durables
LAZ,LAZ,3680000000.0,2005.0,Finance
LB,LB,6540000000.0,,Consumer Services
LBAI,LBAI,773260000.0,,Finance
LBTYA,LBTYA,19050000000.0,,Consumer Services
LBY,LBY,38660000.0,1993.0,Capital Goods
LCI,LCI,264250000.0,,Health Care
LCNB,LCNB,221610000.0,,Finance
LCUT,LCUT,165700000.0,1991.0,Capital Goods
LDL,LDL,373310000.0,,Capital Goods
LDOS,LDOS,12070000000.0,,Technology
LE,LE,323020000.0,,Consumer Services
LEA,LEA,7150000000.0,,Capital Goods
LEAF,LEAF,126440000.0,,Technology
LECO,LECO,5250000000.0,,Technology
LEE,LEE,118910000.0,,Consumer Services
LEG,LEG,5190000000.0,,Consumer Durables
LEN,LEN,16379999999.999998,,Basic Industries
LFUS,LFUS,3900000000.0,,Consumer Durables
LFVN,LFVN,156020000.0,,Health Care
LGIH,LGIH,1740000000.0,2013.0,Capital Goods
LGND,LGND,1840000000.0,,Health Care
LH,LH,16200000000.0,,Health Care
LHCG,LHCG,3850000000.0,2005.0,Health Care
LIFE,LIFE,11120000.0,2015.0,Health Care
LII,LII,10020000000.0,1999.0,Capital Goods
LINC,LINC,45170000.0,2005.0,Consumer Services
LKFN,LKFN,1100000000.0,,Finance
LKQ,LKQ,7990000000.0,,Consumer Services
LL,LL,232350000.0,2007.0,Consumer Services
LLNW,LLNW,293990000.0,2007.0,Miscellaneous
LLY,LLY,110030000000.0,,Health Care
LM,LM,3340000000.0,,Finance
LMNR,LMNR,335020000.0,,Consumer Non-Durables
LMNX,LMNX,954550000.0,2000.0,Health Care
LMT,LMT,106510000000.0,,Capital Goods
LNC,LNC,11450000000.0,,Finance
LNDC,LNDC,332270000.0,1996.0,Consumer Non-Durables
LNG,LNG,16170000000.000002,,Public Utilities
LNN,LNN,985330000.0,,Capital Goods
LNT,LNT,12190000000.0,,Public Utilities
LOGM,LOGM,3580000000.0,2009.0,Technology
LOPE,LOPE,6020000000.0,2008.0,Consumer Services
LORL,LORL,1200000000.0,,Technology
LOV,LOV,115460000.0,2017.0,Consumer Services
LOW,LOW,78660000000.0,,Consumer Services
LPG,LPG,510850000.0,2014.0,Transportation
LPI,LPI,638790000.0,2011.0,Energy
LPLA,LPLA,6280000000.0,2010.0,Finance
LPSN,LPSN,2510000000.0,2000.0,Technology
LPX,LPX,2840000000.0,,Basic Industries
LQDT,LQDT,231520000.0,2006.0,Miscellaneous
LRCX,LRCX,29090000000.0,1984.0,Technology
LRN,LRN,1150000000.0,,Consumer Services
LSCC,LSCC,2570000000.0,,Technology
LSI,LSI,4820000000.0,,Consumer Services
LSTR,LSTR,4400000000.0,1993.0,Transportation
LTC,LTC,1870000000.0,,Consumer Services
LTM,LTM,5650000000.0,,Transportation
LTS,LTS,388100000.0,,Finance
LUB,LUB,35050000.0,,Consumer Services
LUV,LUV,27140000000.0,,Transportation
LVS,LVS,42590000000.0,2004.0,Consumer Services
LWAY,LWAY,50390000.0,,Consumer Non-Durables
LXP,LXP,2410000000.0,,
LXRX,LXRX,137620000.0,,Health Care
LXU,LXU,143920000.0,,Basic Industries
LYB,LYB,25860000000.0,,Basic Industries
LYTS,LYTS,108420000.0,1985.0,Consumer Durables
LYV,LYV,15410000000.0,,Consumer Services
LYV,LYV,15410000000.0,,Consumer Services
LZB,LZB,1510000000.0,,Consumer Durables
M,M,6280000000.0,,Consumer Services
MA,MA,282090000000.0,2006.0,Miscellaneous
MAA,MAA,14040000000.0,1994.0,Consumer Services
MAC,MAC,4380000000.0,1994.0,Consumer Services
MACK,MACK,89440000.0,2012.0,Health Care
MAIN,MAIN,2680000000.0,2007.0,
MAN,MAN,5370000000.0,,Technology
MANH,MANH,5500000000.0,1998.0,Technology
MANT,MANT,3780000000.0,2002.0,Consumer Services
MAR,MAR,43390000000.0,,Consumer Services
MAS,MAS,11530000000.0,,Basic Industries
MASI,MASI,8310000000.000001,2007.0,Health Care
MAT,MAT,4640000000.0,,Consumer Non-Durables
MATW,MATW,1020000000.0,1994.0,Capital Goods
MATX,MATX,1540000000.0,,Consumer Services
MBI,MBI,831460000.0,1987.0,Finance
MBII,MBII,155010000.0,2013.0,Basic Industries
MBUU,MBUU,589880000.0,2014.0,Capital Goods
MBWM,MBWM,521640000.0,1998.0,Finance
MC,MC,1670000000.0,2014.0,Finance
MCBC,MCBC,342010000.0,,Finance
MCC,MCC,150890000.0,2011.0,
MCD,MCD,166460000000.0,,Consumer Services
MCF,MCF,48240000.0,,Energy
MCHP,MCHP,21620000000.0,1993.0,Technology
MCHX,MCHX,152060000.0,2004.0,Miscellaneous
MCK,MCK,25980000000.0,,Health Care
MCO,MCO,40610000000.0,,Finance
MCRI,MCRI,820620000.0,1993.0,Consumer Services
MCS,MCS,1120000000.0,,Consumer Services
MCY,MCY,3080000000.0,,Finance
MD,MD,1840000000.0,,Health Care
MDC,MDC,2280000000.0,,Capital Goods
MDCA,MDCA,179750000.0,,Technology
MDCO,MDCO,2740000000.0,2000.0,Health Care
MDLZ,MDLZ,79250000000.0,,Consumer Non-Durables
MDP,MDP,2230000000.0,,Consumer Services
MDR,MDR,837770000.0,,Capital Goods
MDRX,MDRX,1700000000.0,,Technology
MDSO,MDSO,5710000000.0,2009.0,Technology
MDT,MDT,137169999999.99998,,Health Care
MDU,MDU,5360000000.0,,Basic Industries
MED,MED,1250000000.0,,Consumer Non-Durables
MEI,MEI,1030000000.0,,Capital Goods
MEIP,MEIP,116200000.0,,Health Care
MET,MET,44150000000.0,2000.0,Finance
MFA,MFA,3360000000.0,,Consumer Services
MG,MG,476390000.0,2009.0,Consumer Services
MGEE,MGEE,2590000000.0,,Energy
MGI,MGI,191110000.0,,Miscellaneous
MGLN,MGLN,1700000000.0,,Health Care
MGM,MGM,15210000000.0,,Consumer Services
MGNX,MGNX,712870000.0,2013.0,Health Care
MGRC,MGRC,1600000000.0,1984.0,Technology
MHK,MHK,8510000000.0,,Consumer Durables
MHLD,MHLD,48180000.0,,Finance
MHO,MHO,983450000.0,1993.0,Capital Goods
MIDD,MIDD,6350000000.0,,Technology
MIND,MIND,48270000.0,1994.0,Technology
MINI,MINI,1450000000.0,1994.0,Capital Goods
MITK,MITK,398150000.0,,Technology
MITT,MITT,527929999.99999994,2011.0,
MKC,MKC,21500000000.0,,Consumer Non-Durables
MKL,MKL,15780000000.0,1986.0,Finance
MKSI,MKSI,4160000000.0,1999.0,Capital Goods
MKTX,MKTX,13300000000.0,2004.0,Finance
MLAB,MLAB,877020000.0,,Capital Goods
MLHR,MLHR,2630000000.0,,Consumer Durables
MLHR,MLHR,2630000000.0,,Consumer Durables
MLI,MLI,1570000000.0,,Capital Goods
MLM,MLM,15670000000.0,1994.0,Basic Industries
MLR,MLR,373700000.0,,Capital Goods
MMC,MMC,50460000000.0,,Finance
MMI,MMI,1370000000.0,2013.0,Finance
MMM,MMM,94470000000.0,,Health Care
MMS,MMS,5070000000.0,1997.0,Miscellaneous
MMSI,MMSI,2100000000.0,,Health Care
MN,MN,28790000.0,2011.0,Finance
MNI,MNI,17510000.0,1988.0,Consumer Services
MNK,MNK,515450000.00000006,2013.0,Health Care
MNKD,MNKD,204680000.0,2004.0,Health Care
MNR,MNR,1290000000.0,,Consumer Services
MNRO,MNRO,2730000000.0,1991.0,Consumer Services
MNST,MNST,33750000000.0,,Consumer Non-Durables
MNTA,MNTA,1160000000.0,2004.0,Health Care
MNTX,MNTX,120060000.0,,Technology
MO,MO,86870000000.0,,Consumer Non-Durables
MOD,MOD,550100000.0,,Capital Goods
MODN,MODN,861430000.0,2013.0,Technology
MOFG,MOFG,482180000.0,,Finance
MOH,MOH,8480000000.0,2003.0,Health Care
MORN,MORN,6580000000.0,2005.0,Finance
MOS,MOS,8900000000.0,,Basic Industries
MOSY,MOSY,6660000.0,2001.0,Technology
MOV,MOV,573240000.0,,Consumer Non-Durables
MPAA,MPAA,308290000.0,,Capital Goods
MPC,MPC,32600000000.0,,Energy
MPW,MPW,8119999999.999999,2005.0,Consumer Services
MPWR,MPWR,6590000000.0,2004.0,Technology
MPX,MPX,506600000.0,,Capital Goods
MRC,MRC,1180000000.0,2012.0,Capital Goods
MRCY,MRCY,4540000000.0,1998.0,Capital Goods
MRIN,MRIN,12560000.0,,Technology
MRK,MRK,218150000000.0,,Health Care
MRLN,MRLN,284590000.0,2003.0,Finance
MRO,MRO,10520000000.0,,Energy
MRTN,MRTN,1070000000.0,1986.0,Transportation
MRTX,MRTX,3790000000.0,,Health Care
MRVL,MRVL,16760000000.000002,2000.0,Technology
MS,MS,68209999999.99999,,Finance
MSA,MSA,4030000000.000001,,Health Care
MSCI,MSCI,19100000000.0,,Miscellaneous
MSEX,MSEX,979340000.0,,Public Utilities
MSFT,MSFT,1060480000000.0,1986.0,Technology
MSG,MSG,7040000000.0,2015.0,Consumer Services
MSI,MSI,29640000000.0,,Technology
MSL,MSL,184910000.0,,Finance
MSM,MSM,3800000000.0,1995.0,Capital Goods
MSTR,MSTR,1440000000.0,1998.0,Technology
MTB,MTB,20430000000.0,,Finance
MTD,MTD,17560000000.0,1997.0,Capital Goods
MTDR,MTDR,1770000000.0,2012.0,Energy
MTG,MTG,4520000000.0,1991.0,Finance
MTH,MTH,2440000000.0,,Capital Goods
MTN,MTN,9840000000.0,1997.0,Consumer Services
MTOR,MTOR,1650000000.0,,Capital Goods
MTRN,MTRN,1220000000.0,,Capital Goods
MTRX,MTRX,496740000.0,1990.0,Basic Industries
MTSC,MTSC,1180000000.0,,Capital Goods
MTSI,MTSI,1350000000.0,2012.0,Technology
MTW,MTW,582270000.0,,Capital Goods
MTX,MTX,1800000000.0,1992.0,Basic Industries
MTZ,MTZ,4600000000.0,,Basic Industries
MU,MU,47060000000.0,,Technology
MUR,MUR,3480000000.0,,Energy
MUSA,MUSA,2940000000.0,2013.0,Consumer Durables
MVC,MVC,167860000.0,,
MWA,MWA,1600000000.0,2006.0,Capital Goods
MXIM,MXIM,15080000000.0,1988.0,Technology
MXL,MXL,1500000000.0,2010.0,Technology
MYE,MYE,565770000.0,,Consumer Non-Durables
MYGN,MYGN,3360000000.0,1995.0,Health Care
MYL,MYL,9850000000.0,,Health Care
MYRG,MYRG,485160000.0,,Basic Industries
NANO,NANO,706860000.0,1984.0,Capital Goods
NAT,NAT,269740000.0,,Consumer Services
NATH,NATH,297990000.0,1993.0,Consumer Services
NATI,NATI,5790000000.0,1995.0,Technology
NATR,NATR,177310000.0,,Health Care
NAV,NAV,2610000000.0,,Capital Goods
NAVB,NAVB,10660000.0,,Health Care
NAVI,NAVI,3150000000.0,,Finance
NBHC,NBHC,1060000000.0,2012.0,Finance
NBIX,NBIX,8970000000.0,1996.0,Health Care
NBL,NBL,10640000000.0,,Energy
NBR,NBR,846860000.0,,Energy
NBTB,NBTB,1590000000.0,,Finance
NC,NC,352500000.0,,Consumer Durables
NCI,NCI,1080000000.0,,Consumer Services
NCLH,NCLH,10470000000.0,,Consumer Services
NCMI,NCMI,563870000.0,2007.0,Consumer Services
NCR,NCR,3910000000.0,,Miscellaneous
NDAQ,NDAQ,16180000000.0,,Finance
NDLS,NDLS,285660000.0,2013.0,Consumer Services
NDSN,NDSN,8010000000.0,,Capital Goods
NE,NE,411150000.0,,Energy
NEE,NEE,103110000000.0,,Public Utilities
NEM,NEM,32320000000.0,,Basic Industries
NEO,NEO,2470000000.0,,Health Care
NEOG,NEOG,3750000000.0,1989.0,Health Care
NEON,NEON,25730000.0,,Capital Goods
NES,NES,62360000.0,2017.0,Energy
NETE,NETE,14730000.0,,Technology
NEU,NEU,4980000000.0,,Basic Industries
NEWM,NEWM,532840000.00000006,2014.0,Consumer Services
NFBK,NFBK,769590000.0,,Finance
NFG,NFG,4230000000.000001,,Public Utilities
NFLX,NFLX,138340000000.0,2002.0,Consumer Services
NGHC,NGHC,2750000000.0,,Finance
NGS,NGS,172060000.0,2002.0,Energy
NGVC,NGVC,226790000.0,2012.0,Consumer Services
NHC,NHC,1280000000.0,,Health Care
NHI,NHI,3500000000.0,,Consumer Services
NI,NI,10750000000.0,,Public Utilities
NICK,NICK,69130000.0,,Finance
NIHD,NIHD,165220000.0,,Public Utilities
NJR,NJR,4130000000.0,,Public Utilities
NKE,NKE,130050000000.00002,,Consumer Non-Durables
NKSH,NKSH,230300000.0,,Finance
NKTR,NKTR,5150000000.0,,Health Care
NL,NL,191500000.0,,Basic Industries
NLNK,NLNK,62290000.0,2011.0,Health Care
NLS,NLS,43320000.0,,Consumer Non-Durables
NLSN,NLSN,7870000000.0,2011.0,Miscellaneous
NLY,NLY,13880000000.0,,Consumer Services
NM,NM,59380000.0,,Transportation
NMFC,NMFC,1090000000.0,2011.0,
NMIH,NMIH,1860000000.0,2013.0,Finance
NNA,NNA,84020000.0,,Transportation
NNBR,NNBR,264790000.00000003,1994.0,Capital Goods
NNI,NNI,2530000000.0,2003.0,Finance
NNVC,NNVC,17650000.0,,Health Care
NOC,NOC,62430000000.0,,Capital Goods
NOG,NOG,697470000.0,,Energy
NOV,NOV,8039999999.999999,,Energy
NOW,NOW,49550000000.0,2012.0,Technology
NP,NP,1160000000.0,,Basic Industries
NPK,NPK,668170000.0,,Capital Goods
NPO,NPO,1380000000.0,,Basic Industries
NPTN,NPTN,294650000.0,2011.0,Technology
NR,NR,647550000.0,,Energy
NRG,NRG,9380000000.0,,Public Utilities
NRIM,NRIM,244140000.0,,Finance
NRZ,NRZ,6350000000.0,,Consumer Services
NSC,NSC,47550000000.0,,Transportation
NSIT,NSIT,1920000000.0,1995.0,Consumer Services
NSP,NSP,4000000000.0,,Technology
NSTG,NSTG,911620000.0,2013.0,Health Care
NTAP,NTAP,11410000000.0,1995.0,Technology
NTCT,NTCT,1750000000.0,1999.0,Technology
NTGR,NTGR,1050000000.0,2003.0,Public Utilities
NTRS,NTRS,19460000000.0,,Finance
NUAN,NUAN,4820000000.0,,Technology
NUE,NUE,15820000000.0,,Basic Industries
NUS,NUS,2330000000.0,1996.0,Health Care
NUVA,NUVA,3430000000.0,2004.0,Health Care
NVAX,NVAX,102580000.0,,Health Care
NVAX,NVAX,102580000.0,,Health Care
NVDA,NVDA,96380000000.0,1999.0,Technology
NVEC,NVEC,314750000.0,,Technology
NVR,NVR,12950000000.0,,Capital Goods
NWBI,NWBI,1780000000.0,2009.0,Finance
NWE,NWE,3520000000.0,,Public Utilities
NWHM,NWHM,83600000.0,2014.0,Capital Goods
NWL,NWL,6860000000.0,,Consumer Non-Durables
NWLI,NWLI,948890000.0,,Finance
NWN,NWN,2170000000.0,,Public Utilities
NWPX,NWPX,254860000.0,1995.0,Basic Industries
NWS,NWS,7820000000.0,,Consumer Services
NWSA,NWSA,7630000000.0,,Consumer Services
NX,NX,592880000.0,,Capital Goods
NXST,NXST,4510000000.0,2003.0,Consumer Services
NYCB,NYCB,5480000000.0,,Finance
NYMT,NYMT,1460000000.0,,Consumer Services
NYNY,NYNY,325210000.0,,Consumer Services
NYT,NYT,5060000000.0,,Consumer Services
O,O,22910000000.0,,Consumer Services
OAS,OAS,914570000.0,2010.0,Energy
OC,OC,6020000000.0,,Capital Goods
OCFC,OCFC,1180000000.0,,Finance
OCN,OCN,170740000.0,,Finance
ODC,ODC,246920000.0,,Consumer Durables
ODFL,ODFL,13670000000.0,1991.0,Transportation
ODP,ODP,906820000.0,,Consumer Services
OFC,OFC,3230000000.0,,Consumer Services
OFG,OFG,1100000000.0,,Finance
OFIX,OFIX,1020000000.0,1992.0,Health Care
OFLX,OFLX,767980000.0,,Capital Goods
OGE,OGE,8610000000.0,,Public Utilities
OGS,OGS,4780000000.0,2014.0,Public Utilities
OHI,OHI,8240000000.0,1992.0,Consumer Services
OI,OI,1910000000.0,,Consumer Durables
OII,OII,1290000000.0,,Energy
OIS,OIS,834400000.0,2001.0,Energy
OKE,OKE,28470000000.0,,Public Utilities
OLBK,OLBK,462720000.0,,Finance
OLED,OLED,10180000000.0,,Capital Goods
OLN,OLN,2930000000.0,,Basic Industries
OLP,OLP,559450000.0,,Consumer Services
OMC,OMC,17140000000.0,,Technology
OMCL,OMCL,3000000000.0,2001.0,Technology
OMER,OMER,800130000.0,2009.0,Health Care
OMEX,OMEX,46790000.0,,Consumer Services
OMI,OMI,285100000.0,,Health Care
OMN,OMN,449870000.0,,Basic Industries
ONB,ONB,2930000000.0,,Finance
ONE,ONE,1290000000.0,2018.0,Consumer Services
ONVO,ONVO,34540000.0,,Health Care
OPB,OPB,754390000.0,2014.0,
OPK,OPK,1180000000.0,,Health Care
OPY,OPY,355470000.0,,Finance
ORA,ORA,3640000000.0,2004.0,Public Utilities
ORBC,ORBC,433060000.0,2006.0,Consumer Services
ORCL,ORCL,182300000000.0,1986.0,Technology
ORI,ORI,6910000000.0,,Finance
ORIT,ORIT,775220000.0,,Finance
ORLY,ORLY,29270000000.0,1993.0,Consumer Services
ORN,ORN,125880000.0,,Basic Industries
OSIS,OSIS,1960000000.0,1997.0,Technology
OSK,OSK,5170000000.0,,Capital Goods
OSTK,OSTK,749610000.0,2002.0,Consumer Services
OSUR,OSUR,485480000.0,,Health Care
OTTR,OTTR,2110000000.0,,Public Utilities
OXFD,OXFD,383370000.0,2013.0,Health Care
OXM,OXM,1180000000.0,,Consumer Non-Durables
OXY,OXY,35270000000.0,,Energy
PACB,PACB,883990000.0,2010.0,Capital Goods
PACW,PACW,4219999999.999999,,Finance
PAG,PAG,3670000000.0,,Consumer Durables
PAHC,PAHC,1240000000.0,2014.0,Health Care
PANW,PANW,20640000000.0,2012.0,Technology
PATK,PATK,1050000000.0,,Basic Industries
PAYC,PAYC,14050000000.0,2014.0,Technology
PAYX,PAYX,30320000000.0,1983.0,Consumer Services
PB,PB,4560000000.0,,Finance
PBCT,PBCT,6100000000.0,,Finance
PBF,PBF,2760000000.0,2012.0,Energy
PBH,PBH,1680000000.0,2005.0,Health Care
PBI,PBI,744590000.0,,Miscellaneous
PBPB,PBPB,87630000.0,2013.0,Consumer Services
PBY,PBY,1300000000.0,2018.0,
PBYI,PBYI,355530000.0,,Health Care
PCAR,PCAR,23030000000.0,,Capital Goods
PCG,PCG,9800000000.0,,Public Utilities
PCH,PCH,2530000000.0,,Consumer Services
PCRX,PCRX,1750000000.0,2011.0,Health Care
PCTI,PCTI,83620000.0,1999.0,Technology
PCTY,PCTY,5370000000.0,2014.0,Technology
PCYG,PCYG,101740000.0,,Technology
PCYO,PCYO,255630000.0,,Public Utilities
PDCE,PDCE,1910000000.0,,Energy
PDCO,PDCO,1750000000.0,1992.0,Health Care
PDFS,PDFS,389790000.0,2001.0,Technology
PDLI,PDLI,343870000.0,1992.0,Health Care
PDM,PDM,2500000000.0,,Consumer Services
PE,PE,5210000000.0,2014.0,Energy
PEB,PEB,3570000000.0,2009.0,Consumer Services
PEBO,PEBO,647240000.0,,Finance
PEG,PEG,29240000000.0,,Public Utilities
PEGA,PEGA,5730000000.0,1996.0,Technology
PEGI,PEGI,2310000000.0,2013.0,Public Utilities
PEI,PEI,440480000.0,,Consumer Services
PEIX,PEIX,29900000.0,,Basic Industries
PENN,PENN,2170000000.0,1994.0,Consumer Services
PEP,PEP,180940000000.0,,Consumer Non-Durables
PERI,PERI,136290000.0,,Technology
PES,PES,13920000.0,,Energy
PETS,PETS,328650000.0,,Health Care
PFBC,PFBC,772730000.0,,
PFE,PFE,204990000000.0,,Health Care
PFG,PFG,15530000000.0,2001.0,Finance
PFIE,PFIE,57270000.0,,Energy
PFIS,PFIS,334140000.0,,Finance
PFLT,PFLT,447820000.0,,
PFMT,PFMT,58990000.0,2012.0,Consumer Services
PFPT,PFPT,6690000000.0,2012.0,Technology
PFS,PFS,1590000000.0,2003.0,Finance
PFSI,PFSI,2070000000.0,2013.0,Finance
PG,PG,293380000000.0,,Basic Industries
PGC,PGC,526289999.99999994,,Finance
PGNX,PGNX,428420000.0,1997.0,Health Care
PGR,PGR,46620000000.0,,Finance
PGTI,PGTI,825470000.0,2006.0,Capital Goods
PH,PH,21480000000.0,,Capital Goods
PHM,PHM,8910000000.0,,Capital Goods
PHX,PHX,186560000.0,,Energy
PICO,PICO,199260000.0,,Finance
PII,PII,5650000000.0,,Capital Goods
PIR,PIR,15920000.0,,Consumer Services
PJC,PJC,1040000000.0,,Finance
PKD,PKD,180690000.0,2019.0,Energy
PKE,PKE,392630000.0,,Technology
PKG,PKG,9670000000.0,2000.0,Consumer Durables
PKI,PKI,9330000000.0,,Capital Goods
PKOH,PKOH,356350000.0,,Capital Goods
PLAB,PLAB,613650000.0,1987.0,Technology
PLCE,PLCE,1380000000.0,1997.0,Consumer Services
PLD,PLD,51860000000.0,,Consumer Services
PLL,PLL,62020000.0,,
PLOW,PLOW,996840000.0,2010.0,Capital Goods
PLPC,PLPC,256339999.99999997,,Basic Industries
PLT,PLT,1230000000.0,1994.0,Public Utilities
PLUG,PLUG,517820000.00000006,1999.0,Energy
PLUS,PLUS,1110000000.0,1996.0,Technology
PLXS,PLXS,1730000000.0,,Technology
PM,PM,128330000000.00002,,Consumer Non-Durables
PMT,PMT,1770000000.0,2009.0,Consumer Services
PNC,PNC,58590000000.0,,Finance
PNFP,PNFP,4330000000.0,,Finance
PNM,PNM,4019999999.999999,,Public Utilities
PNNT,PNNT,435460000.0,2007.0,
PNR,PNR,6290000000.0,,Technology
PNW,PNW,10420000000.0,,Public Utilities
PODD,PODD,8700000000.0,2007.0,Health Care
POL,POL,2460000000.0,,Basic Industries
POOL,POOL,7860000000.0,1995.0,Consumer Durables
POR,POR,4970000000.0,,Public Utilities
POST,POST,7270000000.0,2012.0,Consumer Non-Durables
POWI,POWI,2580000000.0,1997.0,Technology
POWL,POWL,440270000.0,,Consumer Durables
PPBI,PPBI,1760000000.0,,Finance
PPC,PPC,7260000000.0,,Consumer Non-Durables
PPG,PPG,27560000000.0,,Basic Industries
PPL,PPL,21520000000.0,,Public Utilities
PRA,PRA,2020000000.0,,Finance
PRAA,PRAA,1370000000.0,2002.0,Finance
PRFT,PRFT,1180000000.0,1999.0,Technology
PRGO,PRGO,6400000000.0,,Health Care
PRGS,PRGS,1790000000.0,1991.0,Technology
PRGX,PRGX,126110000.0,1996.0,Consumer Services
PRI,PRI,4930000000.0,2010.0,Finance
PRIM,PRIM,1010000000.0,,Basic Industries
PRK,PRK,1500000000.0,,Finance
PRLB,PRLB,2660000000.0,2012.0,Capital Goods
PRO,PRO,2970000000.0,2007.0,Technology
PROV,PROV,154810000.0,,Finance
PRSC,PRSC,710120000.0,2003.0,Consumer Services
PRTA,PRTA,355990000.0,,Health Care
PRU,PRU,34580000000.0,2001.0,Finance
PSA,PSA,44700000000.0,,Consumer Services
PSB,PSB,4880000000.0,,Consumer Services
PSEC,PSEC,2420000000.0,2004.0,
PSMT,PSMT,1820000000.0,,Consumer Services
PSX,PSX,45170000000.0,,Energy
PTCT,PTCT,2750000000.0,2013.0,Health Care
PTEN,PTEN,1980000000.0,1993.0,Energy
PTLA,PTLA,2070000000.0,2013.0,Health Care
PTSI,PTSI,301680000.0,1986.0,Transportation
PVH,PVH,5890000000.0,,Consumer Non-Durables
PWOD,PWOD,204840000.0,,Finance
PWR,PWR,4790000000.0,,Capital Goods
PXD,PXD,21350000000.0,,Energy
PYPL,PYPL,125660000000.0,,Miscellaneous
PZG,PZG,25210000.0,2015.0,Basic Industries
PZN,PZN,530460000.00000006,2007.0,Finance
PZZA,PZZA,1470000000.0,1993.0,Consumer Services
QADA,QADA,783570000.0,,Technology
QCOM,QCOM,86630000000.0,1991.0,Technology
QDEL,QDEL,2200000000.0,,Health Care
QEP,QEP,973610000.0,,Energy
QGEN,QGEN,8380000000.000001,,Health Care
QLYS,QLYS,3310000000.0,2012.0,Technology
QNST,QNST,822000000.0,2010.0,Miscellaneous
QRHC,QRHC,36840000.0,,Technology
QRVO,QRVO,8500000000.0,,Technology
QTS,QTS,2690000000.0,2013.0,Consumer Services
QTWO,QTWO,4050000000.0,2014.0,Technology
QUAD,QUAD,549640000.0,,Miscellaneous
QUIK,QUIK,43270000.0,1999.0,Technology
R,R,2660000000.0,,Consumer Services
RAD,RAD,398160000.0,,Health Care
RAIL,RAIL,60410000.0,2005.0,Capital Goods
RARE,RARE,3560000000.0,2014.0,Health Care
RAVN,RAVN,1230000000.0,,Capital Goods
RBC,RBC,3190000000.0,,Consumer Durables
RBCAA,RBCAA,955220000.0,1998.0,Finance
RBCN,RBCN,25220000.0,2007.0,Technology
RCII,RCII,1430000000.0,1995.0,Technology
RCL,RCL,23000000000.0,1993.0,Consumer Services
RDI,RDI,281980000.0,,Consumer Services
RDN,RDN,4730000000.0,,Finance
RDNT,RDNT,713640000.0,,Health Care
RE,RE,10250000000.0,,Finance
RECN,RECN,548410000.0,2000.0,Miscellaneous
REG,REG,10990000000.0,1993.0,Consumer Services
REGI,REGI,478510000.0,2012.0,Basic Industries
REGN,REGN,33939999999.999996,1991.0,Health Care
REI,REI,149180000.0,,Energy
RELL,RELL,74280000.0,1983.0,Technology
RES,RES,1300000000.0,,Energy
RESI,RESI,624790000.0,,Finance
REV,REV,912150000.0,1996.0,Consumer Non-Durables
REX,REX,463430000.0,,Basic Industries
REXR,REXR,4620000000.0,2013.0,Consumer Services
RF,RF,14780000000.0,,Finance
RFP,RFP,465220000.0,,Basic Industries
RGA,RGA,9410000000.0,,Finance
RGEN,RGEN,4830000000.0,1986.0,Health Care
RGLD,RGLD,8300000000.000001,,Basic Industries
RGLS,RGLS,12880000.0,2012.0,Health Care
RGR,RGR,766030000.0,,Capital Goods
RGS,RGS,698830000.0,1991.0,Consumer Services
RH,RH,2600000000.0,2012.0,Consumer Services
RHI,RHI,6780000000.0,,Technology
RHP,RHP,4090000000.0,,Consumer Services
RIG,RIG,2800000000.0,,Energy
RIGL,RIGL,369500000.0,2000.0,Health Care
RJF,RJF,10770000000.0,,Finance
RL,RL,7490000000.0,1997.0,Consumer Non-Durables
RLGY,RLGY,641880000.0,2012.0,Finance
RLI,RLI,4160000000.0,,Finance
RLJ,RLJ,2950000000.0,2011.0,Consumer Services
RM,RM,314250000.0,2012.0,Finance
RMAX,RMAX,489880000.0,2013.0,Finance
RMBS,RMBS,1360000000.0,1997.0,Technology
RMD,RMD,18840000000.0,,Health Care
RMTI,RMTI,151400000.0,1998.0,Health Care
RNET,RNET,150360000.0,2010.0,Consumer Services
RNG,RNG,11450000000.0,2013.0,Technology
RNR,RNR,8380000000.000001,,Finance
RNST,RNST,1980000000.0,,Finance
RNWK,RNWK,64500000.0,1997.0,Technology
ROCK,ROCK,1360000000.0,1993.0,Capital Goods
ROG,ROG,2620000000.0,,Basic Industries
ROIC,ROIC,2090000000.0,,Consumer Services
ROK,ROK,18300000000.0,,Capital Goods
ROL,ROL,10880000000.0,,Finance
ROLL,ROLL,4050000000.0,2005.0,Capital Goods
ROP,ROP,37280000000.0,1992.0,Capital Goods
ROSE,ROSE,104320000.0,2016.0,Energy
ROST,ROST,39020000000.0,1985.0,Consumer Services
RP,RP,5860000000.0,2010.0,Technology
RPAI,RPAI,2530000000.0,2012.0,Consumer Services
RPM,RPM,9010000000.0,,Basic Industries
RPT,RPT,989240000.0,,Consumer Services
RRC,RRC,1120000000.0,,Energy
RRD,RRD,141600000.0,,Miscellaneous
RRGB,RRGB,430800000.0,2002.0,Consumer Services
RRTS,RRTS,336990000.0,2010.0,Transportation
RS,RS,6680000000.0,1994.0,Basic Industries
RSG,RSG,28800000000.0,1998.0,Public Utilities
RST,RST,432100000.0,2009.0,Technology
RTEC,RTEC,756740000.0,1999.0,Capital Goods
RTIX,RTIX,262339999.99999997,2000.0,Health Care
RTN,RTN,52440000000.0,,Capital Goods
RTRX,RTRX,753780000.0,,Health Care
RUBI,RUBI,509240000.0,2014.0,Technology
RUSHA,RUSHA,1400000000.0,,Consumer Durables
RUTH,RUTH,631800000.0,2005.0,Consumer Services
RVLT,RVLT,8730000.0,,Consumer Durables
RVNC,RVNC,577780000.0,2014.0,Health Care
RWT,RWT,1680000000.0,1995.0,Consumer Services
RXN,RXN,2990000000.0,2012.0,Technology
RYN,RYN,3500000000.0,,Consumer Services
S,S,28030000000.0,2013.0,Public Utilities
SAFM,SAFM,3060000000.0,1987.0,Consumer Non-Durables
SAFT,SAFT,1460000000.0,2002.0,Finance
SAH,SAH,1190000000.0,1997.0,Consumer Durables
SAIA,SAIA,2100000000.0,,Transportation
SAIC,SAIC,4940000000.0,,Technology
SALM,SALM,54860000.0,1999.0,Consumer Services
SALT,SALT,402310000.0,2013.0,Transportation
SAM,SAM,4920000000.0,,Consumer Non-Durables
SAMG,SAMG,196960000.0,2013.0,Finance
SANM,SANM,2110000000.0,1993.0,Technology
SASR,SASR,1240000000.0,,Finance
SATS,SATS,3820000000.0,,Technology
SAVE,SAVE,2790000000.0,,Transportation
SB,SB,182290000.0,2008.0,Transportation
SBAC,SBAC,28570000000.0,1999.0,Consumer Services
SBCF,SBCF,1310000000.0,,Finance
SBGI,SBGI,4300000000.0,1995.0,Consumer Services
SBH,SBH,1660000000.0,,Consumer Services
SBNY,SBNY,6590000000.0,2004.0,Finance
SBRA,SBRA,3830000000.0,,Consumer Services
SBSI,SBSI,1140000000.0,,Finance
SBUX,SBUX,115200000000.0,1992.0,Consumer Services
SCCO,SCCO,25730000000.0,,Basic Industries
SCHL,SCHL,1210000000.0,1992.0,Consumer Services
SCHN,SCHN,674820000.0,1993.0,Consumer Durables
SCHW,SCHW,50000000000.0,,Finance
SCI,SCI,8560000000.000001,,Consumer Services
SCL,SCL,2180000000.0,,Basic Industries
SCM,SCM,269980000.0,2012.0,
SCOR,SCOR,126580000.0,2018.0,Miscellaneous
SCS,SCS,1930000000.0,1998.0,Consumer Durables
SCSC,SCSC,830300000.0,,Technology
SCVL,SCVL,346190000.0,1993.0,Consumer Services
SD,SD,201990000.0,2016.0,Energy
SDRL,SDRL,269000000.0,2018.0,Energy
SE,SE,14720000000.0,2017.0,Consumer Services
SEAC,SEAC,76880000.0,1996.0,Technology
SEAS,SEAS,2530000000.0,2013.0,Consumer Services
SEB,SEB,4430000000.0,1996.0,Finance
SEE,SEE,7000000000.0,,Basic Industries
SEIC,SEIC,8750000000.0,1981.0,Finance
SEM,SEM,2220000000.0,2009.0,Health Care
SEMG,SEMG,863070000.0,,Energy
SENEA,SENEA,284400000.0,,Consumer Non-Durables
SF,SF,3850000000.0,,Finance
SFBS,SFBS,1680000000.0,2014.0,Finance
SFE,SFE,238890000.0,,Finance
SFL,SFL,1550000000.0,,Transportation
SFLY,SFLY,1750000000.0,2006.0,Miscellaneous
SFNC,SFNC,2430000000.0,,Finance
SGA,SGA,173560000.0,,Consumer Services
SGEN,SGEN,12450000000.0,2001.0,Health Care
SGMO,SGMO,1380000000.0,2000.0,Health Care
SGMS,SGMS,1790000000.0,,Technology
SHEN,SHEN,1760000000.0,,Public Utilities
SHLO,SHLO,109540000.0,1993.0,Capital Goods
SHO,SHO,3030000000.0,2004.0,Consumer Services
SHOO,SHOO,2640000000.0,1993.0,Consumer Non-Durables
SHOS,SHOS,60160000.0,,Consumer Services
SHW,SHW,48280000000.0,,Consumer Services
SIF,SIF,16399999.999999998,,Capital Goods
SIG,SIG,829840000.0,,Consumer Services
SIGA,SIGA,416040000.0,,Health Care
SIGI,SIGI,4770000000.0,,Finance
SIRI,SIRI,27500000000.0,,Consumer Services
SIVB,SIVB,10600000000.0,,Finance
SIX,SIX,4530000000.0,,Consumer Services
SJI,SJI,2950000000.0,,Public Utilities
SJM,SJM,12950000000.0,,Consumer Non-Durables
SJW,SJW,1840000000.0,,Public Utilities
SKT,SKT,1480000000.0,1993.0,Consumer Services
SKX,SKX,5420000000.0,1999.0,Consumer Non-Durables
SKYW,SKYW,2940000000.0,1986.0,Transportation
SLAB,SLAB,4690000000.0,2000.0,Technology
SLB,SLB,48700000000.0,,Energy
SLCA,SLCA,893260000.0,2012.0,Basic Industries
SLG,SLG,6460000000.0,1997.0,Consumer Services
SLGN,SLGN,3470000000.0,1997.0,Consumer Durables
SLM,SLM,3660000000.0,,Finance
SLRC,SLRC,864660000.0,2010.0,
SM,SM,1200000000.0,,Energy
SMG,SMG,6120000000.0,1992.0,Basic Industries
SMP,SMP,1020000000.0,,Capital Goods
SMRT,SMRT,37970000.0,1992.0,Consumer Services
SMTC,SMTC,3200000000.0,,Technology
SNA,SNA,8529999999.999999,,Capital Goods
SNCR,SNCR,396190000.0,2018.0,Technology
SNH,SNH,2120000000.0,,Consumer Services
SNPS,SNPS,19780000000.0,1992.0,Technology
SNSS,SNSS,53740000.0,2005.0,Health Care
SNV,SNV,5600000000.0,,Finance
SNX,SNX,4410000000.0,2003.0,Technology
SO,SO,60820000000.0,,Public Utilities
SON,SON,5920000000.0,,Consumer Durables
SP,SP,799540000.0,,Consumer Services
SPAR,SPAR,450350000.0,,Capital Goods
SPG,SPG,47790000000.0,,Consumer Services
SPGI,SPGI,63490000000.0,,Finance
SPLK,SPLK,19060000000.0,2012.0,Technology
SPN,SPN,92240000.0,,Energy
SPNS,SPNS,905170000.0,1992.0,Technology
SPPI,SPPI,853160000.0,,Health Care
SPR,SPR,7780000000.0,2006.0,Capital Goods
SPRT,SPRT,30330000.0,2000.0,Technology
SPSC,SPSC,1990000000.0,2010.0,Technology
SPTN,SPTN,370400000.0,,Consumer Non-Durables
SPWH,SPWH,173260000.0,2014.0,Consumer Services
SPWR,SPWR,2070000000.0,2005.0,Technology
SQBG,SQBG,30900000.0,,Consumer Non-Durables
SRCE,SRCE,1150000000.0,,Finance
SRCL,SRCL,4139999999.999999,1996.0,Basic Industries
SRDX,SRDX,596420000.0,1998.0,Health Care
SRE,SRE,37530000000.0,,Public Utilities
SREV,SREV,71400000.0,2011.0,Miscellaneous
SRI,SRI,851010000.0,1997.0,Capital Goods
SRPT,SRPT,9870000000.0,,Health Care
SSD,SSD,2850000000.0,,Capital Goods
SSI,SSI,19780000.0,,Consumer Services
SSNC,SSNC,11670000000.0,2010.0,Technology
SSP,SSP,1180000000.0,,Consumer Services
SSTK,SSTK,1260000000.0,2012.0,Technology
SSYS,SSYS,1320000000.0,1994.0,Technology
STAA,STAA,1460000000.0,,Health Care
STAG,STAG,3780000000.0,2011.0,Consumer Services
STBA,STBA,1230000000.0,,Finance
STC,STC,902000000.0,,Finance
STE,STE,13070000000.0,,Health Care
STFC,STFC,1400000000.0,1991.0,Finance
STI,STI,27240000000.0,,Finance
STL,STL,4070000000.000001,,Finance
STLD,STLD,6520000000.0,1996.0,Basic Industries
STML,STML,723950000.0,2013.0,Health Care
STMP,STMP,1020000000.0,1999.0,Miscellaneous
STNG,STNG,1280000000.0,2010.0,Transportation
STRA,STRA,3860000000.0,1996.0,Consumer Services
STRL,STRL,298540000.0,,Basic Industries
STRT,STRT,83550000.0,,Capital Goods
STT,STT,19900000000.0,,Finance
STWD,STWD,6660000000.0,2009.0,Consumer Services
STX,STX,12140000000.0,2002.0,Technology
STZ,STZ,37020000000.0,,Consumer Non-Durables
SUI,SUI,12680000000.0,1993.0,Consumer Services
SUN,SUN,2570000000.0,2012.0,Energy
SUNS,SUNS,270180000.0,,
SUP,SUP,72830000.0,,Capital Goods
SUPN,SUPN,1500000000.0,2012.0,Health Care
SVVC,SVVC,62970000.0,,
SWI,SWI,5400000000.0,2018.0,Technology
SWK,SWK,21150000000.0,,Capital Goods
SWKS,SWKS,13870000000.0,,Technology
SWM,SWM,1070000000.0,,Basic Industries
SWN,SWN,1030000000.0,,Energy
SWX,SWX,4830000000.0,,Public Utilities
SXC,SXC,593770000.0,2011.0,Basic Industries
SXI,SXI,801700000.0,,Technology
SXT,SXT,2830000000.0,,Basic Industries
SYBT,SYBT,840900000.0,,Finance
SYF,SYF,23230000000.0,2014.0,Finance
SYK,SYK,81480000000.0,,Health Care
SYKE,SYKE,1180000000.0,1996.0,Technology
SYMC,SYMC,14150000000.0,1989.0,Technology
SYNA,SYNA,1150000000.0,2002.0,Technology
SYX,SYX,784880000.0,,Capital Goods
SYY,SYY,36300000000.0,,Consumer Non-Durables
T,T,252380000000.0,,Public Utilities
TAL,TAL,19040000000.0,,Consumer Services
TAP,TAP,11410000000.0,,Consumer Non-Durables
TAST,TAST,345650000.0,2006.0,Consumer Services
TAT,TAT,37170000.0,,Energy
TBBK,TBBK,535760000.0,,Finance
TBI,TBI,814620000.0,,Technology
TBNK,TBNK,271190000.0,2009.0,Finance
TBPH,TBPH,1130000000.0,,Health Care
TCBI,TCBI,2860000000.0,2003.0,Finance
TCBK,TCBK,1120000000.0,,Finance
TCO,TCO,2530000000.0,1992.0,Consumer Services
TCPC,TCPC,810970000.0,2012.0,
TCRD,TCRD,208030000.0,2010.0,
TCS,TCS,244690000.0,2013.0,Consumer Services
TDC,TDC,4040000000.0,,Technology
TDG,TDG,29290000000.0,2006.0,Capital Goods
TDS,TDS,3060000000.0,,Public Utilities
TDW,TDW,712770000.0,2017.0,Consumer Services
TDY,TDY,10880000000.0,,Capital Goods
TECD,TECD,3310000000.0,1986.0,Technology
TECH,TECH,7410000000.0,,Health Care
TEL,TEL,30310000000.0,,Technology
TEN,TEN,771150000.0,,Capital Goods
TER,TER,8980000000.0,,Capital Goods
TESS,TESS,123040000.0,1994.0,Technology
TEX,TEX,1910000000.0,,Capital Goods
TFSL,TFSL,4960000000.0,,Finance
TFX,TFX,16940000000.000002,,Health Care
TG,TG,548300000.0,,Capital Goods
TGE,TGE,4840000000.0,2015.0,Public Utilities
TGH,TGH,440850000.0,2007.0,Technology
TGI,TGI,1200000000.0,1996.0,Capital Goods
TGNA,TGNA,3170000000.0,,Consumer Services
TGT,TGT,42930000000.0,,Consumer Services
TGTX,TGTX,626760000.0,,Health Care
THC,THC,2240000000.0,,Health Care
THFF,THFF,512260000.0,,Finance
THG,THG,5260000000.0,,Finance
THO,THO,2840000000.0,,Consumer Non-Durables
THOR,THOR,504960000.0,2018.0,Health Care
THR,THR,766630000.0,2011.0,Energy
THRM,THRM,1280000000.0,,Capital Goods
THS,THS,3020000000.0,,Consumer Non-Durables
TIF,TIF,11070000000.0,1987.0,Consumer Services
TILE,TILE,704250000.0,,Consumer Durables
TIPT,TIPT,227350000.0,,Finance
TISI,TISI,517539999.99999994,,Consumer Services
TITN,TITN,441680000.0,2007.0,Consumer Services
TIVO,TIVO,950890000.0,,Miscellaneous
TJX,TJX,64910000000.0,,Consumer Services
TK,TK,367500000.0,,Transportation
TKR,TKR,3270000000.0,,Capital Goods
TLYS,TLYS,239720000.0,2012.0,Consumer Services
TMHC,TMHC,2400000000.0,2013.0,Capital Goods
TMO,TMO,112330000000.0,,Capital Goods
TMP,TMP,1170000000.0,,Finance
TMUS,TMUS,66580000000.0,,Public Utilities
TNAV,TNAV,417170000.0,2010.0,Capital Goods
TNC,TNC,1280000000.0,,Technology
TNDM,TNDM,3720000000.0,2013.0,Health Care
TNET,TNET,5090000000.0,2014.0,Miscellaneous
TNK,TNK,282440000.0,2007.0,Consumer Services
TOL,TOL,5250000000.0,,Capital Goods
TOWN,TOWN,1990000000.0,,
TOWR,TOWR,638510000.0,2010.0,Capital Goods
TPC,TPC,554490000.0,,Basic Industries
TPH,TPH,1960000000.0,2013.0,Capital Goods
TPR,TPR,8260000000.0,,Consumer Non-Durables
TPRE,TPRE,953860000.0,2013.0,Finance
TPX,TPX,4350000000.0,2003.0,Consumer Durables
TR,TR,1470000000.0,,Consumer Non-Durables
TRC,TRC,448610000.0,,Finance
TREC,TREC,225640000.0,,Energy
TREE,TREE,4099999999.999999,,Finance
TREX,TREX,4840000000.0,,Basic Industries
TRGP,TRGP,8369999999.999999,2010.0,Public Utilities
TRI,TRI,33799999999.999996,,Consumer Services
TRIP,TRIP,6010000000.0,,Technology
TRK,TRK,809720000.0,1995.0,Consumer Services
TRMB,TRMB,9910000000.0,1990.0,Capital Goods
TRMK,TRMK,2230000000.0,,Finance
TRN,TRN,2520000000.0,,Capital Goods
TRNO,TRNO,3250000000.0,2010.0,Finance
TRNX,TRNX,36550000.0,,Technology
TROW,TROW,25970000000.0,1986.0,Finance
TROX,TROX,1350000000.0,,Basic Industries
TRS,TRS,1340000000.0,2007.0,Capital Goods
TRST,TRST,758120000.0,,Finance
TRUE,TRUE,509600000.0,2014.0,Technology
TRV,TRV,38590000000.0,,Finance
TRXC,TRXC,195610000.0,,Health Care
TSC,TSC,583560000.0,2013.0,Finance
TSCO,TSCO,13160000000.0,1994.0,Consumer Services
TSLA,TSLA,42680000000.0,2010.0,Capital Goods
TSN,TSN,32350000000.0,,Consumer Non-Durables
TSS,TSS,22900000000.0,,Miscellaneous
TTC,TTC,7780000000.0,,Capital Goods
TTEC,TTEC,2160000000.0,1996.0,Technology
TTEK,TTEK,4390000000.0,1991.0,Consumer Services
TTGT,TTGT,662850000.0,2007.0,Miscellaneous
TTI,TTI,200970000.0,,Energy
TTMI,TTMI,1160000000.0,2000.0,Technology
TTPH,TTPH,19340000.0,2013.0,Health Care
TTS,TTS,130340000.0,,Consumer Services
TTWO,TTWO,14870000000.0,1997.0,Technology
TUES,TUES,72870000.0,1999.0,Consumer Services
TUP,TUP,756280000.0,,Consumer Non-Durables
TW,TW,9830000000.0,2019.0,Finance
TWI,TWI,182300000.0,,Basic Industries
TWIN,TWIN,159800000.0,,Technology
TWMC,TWMC,9830000.0,,Consumer Services
TWO,TWO,3700000000.0,,Consumer Services
TWOU,TWOU,915820000.0,2014.0,Technology
TWTR,TWTR,32520000000.000004,2013.0,Technology
TXMD,TXMD,636830000.0,,Health Care
TXN,TXN,116080000000.0,,Technology
TXRH,TXRH,3790000000.0,2004.0,Consumer Services
TXT,TXT,11100000000.0,,Capital Goods
TYL,TYL,9870000000.0,,Technology
TYPE,TYPE,795190000.0,2007.0,Technology
TZOO,TZOO,142380000.0,,Technology
UA,UA,8480000000.0,2016.0,Consumer Non-Durables
UAA,UAA,9510000000.0,,Consumer Non-Durables
UAL,UAL,22510000000.0,,Transportation
UBA,UBA,844690000.0,,Consumer Services
UBNK,UBNK,681350000.0,,Finance
UBNT,UBNT,8460000000.000001,2011.0,Technology
UBSI,UBSI,3720000000.0,,Finance
UCBI,UCBI,2150000000.0,,Finance
UCFC,UCFC,476840000.0,,Finance
UCTT,UCTT,533770000.0,2004.0,Technology
UDR,UDR,13330000000.0,,Consumer Services
UEC,UEC,168040000.0,,Basic Industries
UEIC,UEIC,586250000.0,1993.0,Consumer Non-Durables
UFCS,UFCS,1170000000.0,,Finance
UFI,UFI,340840000.0,,Consumer Non-Durables
UFPI,UFPI,2490000000.0,1993.0,Basic Industries
UFPT,UFPT,317840000.0,1993.0,Capital Goods
UFS,UFS,2400000000.0,,Basic Industries
UGI,UGI,8470000000.000001,,Public Utilities
UHAL,UHAL,7020000000.0,,Consumer Services
UHS,UHS,13200000000.0,,Health Care
UHT,UHT,1290000000.0,,Consumer Services
UIHC,UIHC,513150000.0,,Finance
UIS,UIS,535970000.0,,Technology
ULTA,ULTA,20640000000.0,2007.0,Consumer Services
UMBF,UMBF,3260000000.0,,Finance
UMH,UMH,512850000.0,,Consumer Services
UMPQ,UMPQ,3630000000.0,,Finance
UNF,UNF,3750000000.0,,Consumer Services
UNFI,UNFI,455890000.0,2019.0,Consumer Non-Durables
UNH,UNH,235320000000.0,,Health Care
UNM,UNM,6030000000.0,,Finance
UNP,UNP,119560000000.0,,Transportation
UNT,UNT,249050000.0,,Energy
UPS,UPS,100940000000.0,1999.0,Transportation
URBN,URBN,2160000000.0,1993.0,Consumer Services
URG,URG,89920000.0,,Basic Industries
URI,URI,9090000000.0,1997.0,Technology
USAK,USAK,75510000.0,1992.0,Transportation
USAP,USAP,139110000.0,1994.0,Basic Industries
USB,USB,83460000000.0,,Finance
USCR,USCR,742580000.0,,Capital Goods
USLM,USLM,465860000.0,,Basic Industries
USM,USM,3200000000.0,1988.0,Public Utilities
USNA,USNA,1610000000.0,,Consumer Durables
USPH,USPH,1710000000.0,1992.0,Health Care
UTHR,UTHR,3580000000.0,1999.0,Health Care
UTI,UTI,109640000.0,2003.0,Consumer Services
UTL,UTL,865300000.0,,Public Utilities
UTMD,UTMD,364470000.0,,Health Care
UTX,UTX,113450000000.0,,Capital Goods
UVE,UVE,956480000.0,,Finance
UVSP,UVSP,757250000.0,,Finance
UVV,UVV,1350000000.0,,Consumer Services
V,V,403050000000.0,,Miscellaneous
VAC,VAC,3930000000.0,,Finance
VAL,VAL,886470000.0,,Energy
VAR,VAR,10370000000.0,,Health Care
VC,VC,1720000000.0,,Capital Goods
VCRA,VCRA,808540000.0,2012.0,Capital Goods
VCYT,VCYT,1290000000.0,2013.0,Health Care
VECO,VECO,572110000.0,1994.0,Technology
VFC,VFC,33220000000.0,,Consumer Non-Durables
VG,VG,3170000000.0,2006.0,Public Utilities
VGR,VGR,1640000000.0,,Consumer Non-Durables
VHC,VHC,354820000.0,,Miscellaneous
VIAB,VIAB,12410000000.0,,Consumer Services
VICL,VICL,18500000.0,1993.0,Health Care
VICR,VICR,1190000000.0,,Capital Goods
VIVO,VIVO,474240000.0,1986.0,Health Care
VLGEA,VLGEA,360460000.0,,Consumer Services
VLO,VLO,32860000000.0,,Energy
VLY,VLY,3540000000.0,,Finance
VMC,VMC,18430000000.0,,Basic Industries
VMI,VMI,2920000000.0,,Capital Goods
VMW,VMW,64930000000.00001,2007.0,Technology
VNCE,VNCE,148140000.0,2013.0,Consumer Services
VNDA,VNDA,799640000.0,2006.0,Health Care
VNO,VNO,11910000000.0,,Consumer Services
VOD,VOD,48720000000.0,,Public Utilities
VOXX,VOXX,115190000.0,,Technology
VOYA,VOYA,7250000000.0,2013.0,Finance
VPG,VPG,436620000.0,,Capital Goods
VRA,VRA,402700000.0,2010.0,Consumer Non-Durables
VRNS,VRNS,2120000000.0,2014.0,Technology
VRNT,VRNT,3710000000.0,2002.0,Technology
VRSK,VRSK,25530000000.0,2009.0,Technology
VRSN,VRSN,25020000000.0,1998.0,Technology
VRTS,VRTS,676020000.0,,Finance
VRTU,VRTU,1320000000.0,2007.0,Technology
VRTX,VRTX,47030000000.0,1991.0,Health Care
VSAT,VSAT,4770000000.0,1996.0,Technology
VSEC,VSEC,321640000.0,,Consumer Services
VSH,VSH,2340000000.0,,Capital Goods
VSI,VSI,155240000.0,2009.0,Consumer Non-Durables
VSTM,VSTM,96380000.0,2012.0,Health Care
VTNR,VTNR,54370000.0,,Energy
VTR,VTR,26780000000.0,,Consumer Services
VVI,VVI,1380000000.0,,Miscellaneous
VVUS,VVUS,36270000.0,1994.0,Health Care
VZ,VZ,230860000000.0,,Public Utilities
WAB,WAB,13520000000.0,,Capital Goods
WABC,WABC,1660000000.0,,Finance
WAFD,WAFD,2810000000.0,,Finance
WAGE,WAGE,2090000000.0,2012.0,Miscellaneous
WAIR,WAIR,1030000000.0,2011.0,Capital Goods
WAL,WAL,4700000000.0,2005.0,Finance
WASH,WASH,822820000.0,,Finance
WAT,WAT,14220000000.0,1995.0,Capital Goods
WBA,WBA,47880000000.0,,Health Care
WBC,WBC,6790000000.0,,Capital Goods
WBS,WBS,4410000000.0,,Finance
WCC,WCC,1970000000.0,1999.0,Consumer Non-Durables
WCG,WCG,14010000000.0,2004.0,Health Care
WCN,WCN,24390000000.0,,Public Utilities
WD,WD,1760000000.0,2010.0,Finance
WDAY,WDAY,43570000000.0,,Technology
WDC,WDC,16190000000.000002,,Technology
WDFC,WDFC,2510000000.0,1973.0,Basic Industries
WDR,WDR,1230000000.0,1998.0,Finance
WEC,WEC,28170000000.0,,Public Utilities
WELL,WELL,35630000000.0,,Consumer Services
WEN,WEN,4610000000.0,,Consumer Services
WERN,WERN,2230000000.0,1986.0,Transportation
WETF,WETF,848390000.0,,Finance
WEX,WEX,8670000000.0,,Miscellaneous
WEYS,WEYS,248560000.0,,Consumer Non-Durables
WFC,WFC,204440000000.0,,Finance
WGO,WGO,1140000000.0,,Consumer Non-Durables
WHF,WHF,272230000.0,,
WHG,WHG,276120000.0,,Finance
WHR,WHR,9020000000.0,,Consumer Durables
WIFI,WIFI,565940000.0,2011.0,Consumer Services
WINA,WINA,643210000.0,,Consumer Services
WIRE,WIRE,1150000000.0,1992.0,Capital Goods
WIX,WIX,7390000000.0,2013.0,Technology
WLH,WLH,652520000.0,2013.0,Capital Goods
WLK,WLK,8130000000.000001,2004.0,Basic Industries
WLL,WLL,891070000.0,2003.0,Energy
WLTW,WLTW,25570000000.0,,Finance
WM,WM,50260000000.0,,Public Utilities
WMB,WMB,29120000000.0,,Public Utilities
WMC,WMC,490440000.0,2012.0,Consumer Services
WMGI,WMGI,2770000000.0,2011.0,Health Care
WMK,WMK,1060000000.0,,Consumer Services
WMT,WMT,309790000000.0,,Consumer Services
WNC,WNC,841350000.0,1991.0,Capital Goods
WOR,WOR,2180000000.0,,Capital Goods
WPP,WPP,14200000000.0,,Technology
WPX,WPX,4390000000.0,2011.0,Energy
A,A,21960000000.0,1999.0,Capital Goods
AA,AA,3730000000.0,2016.0,Basic Industries
AAL,AAL,12950000000.0,,Transportation
AAMC,AAMC,17880000.0,,Finance
AAN,AAN,4420000000.0,,Technology
AAOI,AAOI,217340000.0,2013.0,Technology
AAON,AAON,2370000000.0,,Capital Goods
AAP,AAP,10360000000.0,,Consumer Services
AAPL,AAPL,919340000000.0,1980.0,Technology
AAT,AAT,2840000000.0,2011.0,Consumer Services
AAWW,AAWW,798380000.0,,Transportation
ABBV,ABBV,96770000000.0,2012.0,Health Care
ABC,ABC,18310000000.0,,Health Care
ABCB,ABCB,2630000000.0,1994.0,Finance
ABG,ABG,1800000000.0,2002.0,Consumer Durables
ABM,ABM,2730000000.0,,Finance
ABMD,ABMD,8700000000.0,,Health Care
ABT,ABT,151220000000.0,,Health Care
ACAD,ACAD,4250000000.0,1985.0,Health Care
WRB,WRB,13170000000.0,,Finance
WRE,WRE,2120000000.0,,
WRI,WRI,3600000000.0,,Consumer Services
WRK,WRK,8950000000.0,2015.0,Consumer Durables
WRLD,WRLD,1210000000.0,1991.0,Finance
WSBC,WSBC,1920000000.0,,Finance
WSBF,WSBF,459950000.0,,Finance
WSFS,WSFS,2200000000.0,,Finance
WSM,WSM,5170000000.0,,Consumer Services
WSO,WSO,6100000000.0,,Consumer Durables
WSR,WSR,500520000.0,2010.0,Consumer Services
WST,WST,10550000000.0,,Basic Industries
WSTL,WSTL,26140000.0,1995.0,Public Utilities
WTBA,WTBA,339720000.0,,Finance
WTFC,WTFC,3780000000.0,,Finance
WTI,WTI,647180000.0,2005.0,Energy
WTM,WTM,3410000000.0,,Finance
WTR,WTR,9160000000.0,,Public Utilities
WTS,WTS,3210000000.0,1986.0,Capital Goods
WU,WU,9160000000.0,,Miscellaneous
WWD,WWD,6720000000.0,,Energy
WWE,WWE,5430000000.0,,Consumer Services
WWW,WWW,2400000000.0,,Consumer Non-Durables
WY,WY,18730000000.0,,Consumer Services
WYNN,WYNN,12010000000.0,2002.0,Consumer Services
X,X,2170000000.0,,Basic Industries
XEC,XEC,4480000000.0,,Energy
XEL,XEL,31730000000.0,,Public Utilities
XLNX,XLNX,27750000000.0,1990.0,Technology
XLRN,XLRN,2360000000.0,2013.0,Health Care
XNCR,XNCR,2080000000.0,2013.0,Health Care
XOM,XOM,306390000000.0,,Energy
XOMA,XOMA,145700000.0,1986.0,Health Care
XON,XON,1230000000.0,,Health Care
XONE,XONE,113010000.0,2013.0,Capital Goods
XPO,XPO,6500000000.0,,Consumer Services
XRAY,XRAY,11740000000.0,1987.0,Health Care
XRX,XRX,6740000000.0,,Technology
XXII,XXII,204440000.0,,Consumer Non-Durables
XYL,XYL,13900000000.0,2011.0,Capital Goods
Y,Y,10660000000.0,,Finance
YELP,YELP,2700000000.0,2012.0,Consumer Services
YORW,YORW,470880000.0,,Public Utilities
YRCW,YRCW,122730000.0,,Transportation
YUM,YUM,35670000000.0,,Consumer Services
Z,Z,8650000000.0,,Miscellaneous
ZAGG,ZAGG,166260000.0,,Consumer Services
ZBH,ZBH,28520000000.0,,Health Care
ZBRA,ZBRA,11460000000.0,1991.0,Technology
ZEN,ZEN,8660000000.0,2014.0,Technology
ZEUS,ZEUS,129370000.0,1994.0,Basic Industries
ZGNX,ZGNX,2090000000.0,2010.0,Health Care
ZION,ZION,7450000000.0,,Finance
ZIOP,ZIOP,924020000.0,,Health Care
ZIXI,ZIXI,465490000.0,,Technology
ZNGA,ZNGA,5810000000.0,2011.0,Technology
ZTS,ZTS,59410000000.0,2013.0,Health Care
ZUMZ,ZUMZ,599760000.0,2005.0,Consumer Services
ACC,ACC,6520000000.0,2004.0,Consumer Services
ACCO,ACCO,937940000.0,,Consumer Durables
